"Day","MeanAcceptance"
1,NA
2,0.6
3,0.550561797752809
4,0.438775510204082
5,0.488888888888889
6,0.577777777777778
7,0.523364485981308
8,0.495145631067961
