"Day","MeanAcceptance"
1,NA
2,0.533333333333333
3,0.49438202247191
4,0.428571428571429
5,0.511111111111111
6,0.533333333333333
7,0.514018691588785
8,0.466019417475728
