"Day","MeanAcceptance"
1,NA
2,0.544444444444444
3,0.550561797752809
4,0.36734693877551
5,0.466666666666667
6,0.522222222222222
7,0.485981308411215
8,0.485436893203884
