"Day","MeanAcceptance"
1,NA
2,0.622222222222222
3,0.584269662921348
4,0.561224489795918
5,0.622222222222222
6,0.644444444444444
7,0.588785046728972
8,0.58252427184466
