"Day","MeanAcceptance"
1,NA
2,0.277777777777778
3,0.213483146067416
4,0.255102040816327
5,0.322222222222222
6,0.266666666666667
7,0.242990654205607
8,0.233009708737864
