"Day","MeanAcceptance"
1,NA
2,0.655555555555556
3,0.561797752808989
4,0.653061224489796
5,0.677777777777778
6,0.677777777777778
7,0.663551401869159
8,0.621359223300971
