"Day","MeanAcceptance"
1,NA
2,0.577777777777778
3,0.539325842696629
4,0.561224489795918
5,0.588888888888889
6,0.6
7,0.598130841121495
8,0.572815533980582
