"Day","MeanAcceptance"
1,NA
2,0.544444444444444
3,0.550561797752809
4,0.510204081632653
5,0.633333333333333
6,0.577777777777778
7,0.523364485981308
8,0.553398058252427
