"Day","MeanAcceptance"
1,NA
2,0.388888888888889
3,0.235955056179775
4,0.357142857142857
5,0.455555555555556
6,0.433333333333333
7,0.420560747663551
8,0.398058252427184
