"Day","MeanAcceptance"
1,NA
2,0.277777777777778
3,0.202247191011236
4,0.26530612244898
5,0.355555555555556
6,0.288888888888889
7,0.271028037383178
8,0.262135922330097
