"value1","value2","value3","value4","value5","value6","value7","value8","value9","value10","value11","value12","value13","value14","value15","value16","value17","value18","value19","value20","value21","value22","value23","value24"
NA,NA,NA,NA,NA,NA,NA,1.22949948195322,1.65299678241379,1.87567841615858,1.97848465904416,1.92423718931903,1.41812696345174,1.90161645513964,1.88142501646213,1.86815128695241,1.91001930040484,1.23873601367129,1.13952533328135,NA,NA,NA,NA,NA
NA,NA,NA,NA,NA,NA,NA,1.11333629090346,2.9385350172767,2.84161501235578,2.79337984648421,2.73837939553639,2.69836092107679,2.63352729066597,2.62832405857971,2.6324805818542,2.62540093802167,1.9377392075075,1.06073375330151,NA,NA,NA,NA,NA
NA,NA,NA,NA,NA,NA,NA,1.06879700078427,2.94217472810277,2.84575684725313,2.62189248380923,2.20923392421956,2.62167981017163,2.53788438497762,2.46213938241388,2.55072596950138,1.89538417252588,1.76797423425318,1.01825089533596,NA,NA,NA,NA,NA
NA,NA,NA,NA,NA,NA,NA,1.13331561311146,2.94443204468765,2.81662525899244,2.72640781904899,2.68609429579519,2.5903708609583,2.58869317929156,2.5748645618541,2.5847772894898,2.61699991658114,2.65729517849102,1.08887011259031,NA,NA,NA,NA,NA
NA,NA,NA,NA,NA,NA,NA,1.20883733685525,3.08287858077004,2.91230751060239,2.84874724480924,2.80669228539674,2.81158587749628,2.77562029102061,2.78025014661867,2.79297414519693,2.81757363929577,2.75817808331751,1.1789849828696,NA,NA,NA,NA,NA
NA,NA,NA,NA,NA,NA,NA,1.1557870926896,3.02491810836199,2.90636637847187,2.84103964790734,2.81533741816423,2.81873635957372,2.81204695227709,2.79833791247499,2.80328893789439,2.80842262588427,2.76764975274724,1.19724580334662,NA,NA,NA,NA,NA
NA,NA,NA,NA,NA,NA,NA,1.27516829617094,3.16692517227997,2.90463810809292,2.84217941255765,2.67308682911568,2.62239690809413,2.53959334076571,2.57785093266291,2.57755215588205,2.68853408659523,2.49140381696843,1.07615505598797,NA,NA,NA,NA,NA
NA,NA,NA,NA,NA,NA,NA,1.03739275320444,2.93517115039863,2.78580238784283,2.75865774017754,2.72743112576113,2.71479896525511,2.67808785018176,2.67114675702952,2.67243798947224,2.6769012128876,2.71739550167057,1.11013612123906,NA,NA,NA,NA,NA
