"Day","MeanAcceptance"
1,NA
2,0.855555555555556
3,0.842696629213483
4,0.86734693877551
5,0.844444444444444
6,0.888888888888889
7,0.869158878504673
8,0.883495145631068
