Day,MeanAcceptance
1,NA
2,0.744444444
3,0.629213483
4,0.714285714
5,0.766666667
6,0.788888889
7,0.775700935
8,0.796116505
,0.745045234
