Day,MeanAcceptance
1,NA
2,0.277777778
3,0.168539326
4,0.275510204
5,0.133333333
6,0.222222222
7,0.271028037
8,0.213592233
,
,
,0.223143305
