"value1","value2","value3","value4","value5","value6","value7","value8","value9","value10","value11","value12","value13","value14","value15","value16","value17","value18","value19","value20","value21","value22","value23","value24"
NA,NA,NA,NA,NA,NA,NA,1.22949948195322,1.65299678241379,1.87567841615858,1.97848465904416,1.92423718931903,1.41812696345174,1.90161645513964,1.88142501646213,1.86815128695241,1.91001930040484,1.23873601367129,1.13952533328135,NA,NA,NA,NA,NA
NA,NA,NA,NA,NA,NA,NA,1.14532972091689,2.99625492850573,3.02578670938822,1.22254928934663,2.85810781753814,1.13818837453058,2.79853873429589,2.76776008311548,2.72849097951679,2.77696339773752,2.74145429242829,1.06047220391098,NA,NA,NA,NA,NA
NA,NA,NA,NA,NA,NA,NA,1.08476470580199,3.13057836046177,3.01956135409419,1.07166794446885,1.02386436259802,2.89478380340459,2.82622881433335,0.967628699847486,0.991897878200562,2.85867185506005,1.86018688810892,1.01899612745913,NA,NA,NA,NA,NA
NA,NA,NA,NA,NA,NA,NA,1.16529472398689,3.13660814214275,2.98048426076017,2.77810662033481,2.76054972514195,1.09517953919318,2.77167326370568,2.84560565302815,2.67038874642311,1.07313730532209,1.75618452557926,1.09011568942737,NA,NA,NA,NA,NA
NA,NA,NA,NA,NA,NA,NA,1.23283270708397,3.217169793612,2.97324475810875,2.90389980298569,2.83589186805644,1.22931696556823,2.90617043518175,2.8811622313395,2.85380130597659,2.87088054538256,2.04542800121593,1.17987845723888,NA,NA,NA,NA,NA
NA,NA,NA,NA,NA,NA,NA,1.17778359872165,3.03537208616898,3.00362131306067,2.88205228275847,2.83528988785044,2.82925703532998,1.26223430225384,2.9743253079406,2.88629092279467,2.87636829911064,2.40200849801981,1.19778492372641,NA,NA,NA,NA,NA
NA,NA,NA,NA,NA,NA,NA,1.30716020373486,1.28015231794792,3.22137534799187,3.14798220617029,2.80385043406827,1.70364400715602,2.78777564648556,2.80446936054131,2.66151526316885,2.79917465059902,1.59348263821036,1.07705105492411,NA,NA,NA,NA,NA
NA,NA,NA,NA,NA,NA,NA,1.05938279319397,3.08859119498237,3.03397670863483,2.90654771216089,2.79806294830966,2.73710459861175,2.7003487687568,2.72275084946,2.81279441037302,2.77929250036538,1.26726124050702,1.1126151121634,NA,NA,NA,NA,NA
