"Day","MeanAcceptance"
1,NA
2,0.833333333333333
3,0.797752808988764
4,0.724489795918367
5,0.744444444444444
6,0.833333333333333
7,0.794392523364486
8,0.796116504854369
