"Day","MeanAcceptance"
1,NA
2,0.833333333333333
3,0.808988764044944
4,0.73469387755102
5,0.755555555555556
6,0.833333333333333
7,0.794392523364486
8,0.796116504854369
