"Day","MeanAcceptance"
1,NA
2,0.8
3,0.662921348314607
4,0.76530612244898
5,0.811111111111111
6,0.844444444444444
7,0.841121495327103
8,0.87378640776699
