"Day","MeanAcceptance"
1,NA
2,0.866666666666667
3,0.842696629213483
4,0.846938775510204
5,0.8
6,0.877777777777778
7,0.831775700934579
8,0.83495145631068
