"N","mean_acceptance_avg","Eall_sum"
2,0.80729950844448,205.286534513648
4,0.819178730152436,181.184831839381
6,0.790303988995395,203.856210222364
8,0.815142110439799,206.644999557094
10,0.726055776295704,181.692328539379
12,0.793773413148149,207.494750894332
14,0.842972429487627,192.733817680599
16,0.793836133887905,189.456808112087
18,0.789123249176728,206.010864929814
20,0.799812989916176,210.848979716372
