"Day","MeanAcceptance"
1,NA
2,0.355555555555556
3,0.337078651685393
4,0.326530612244898
5,0.344444444444444
6,0.377777777777778
7,0.364485981308411
8,0.330097087378641
