"value1","value2","value3","value4","value5","value6","value7","value8","value9","value10","value11","value12","value13","value14","value15","value16","value17","value18","value19","value20","value21","value22","value23","value24"
NA,NA,NA,NA,NA,NA,NA,1.22949948195322,1.65299678241379,1.87567841615858,1.97848465904416,1.92423718931903,1.41812696345174,1.90161645513964,1.88142501646213,1.86815128695241,1.91001930040484,1.23873601367129,1.13952533328135,NA,NA,NA,NA,NA
NA,NA,NA,NA,NA,NA,NA,1.11332943644236,2.96345430005633,2.86394567107132,2.80834115105182,2.75100068907757,2.70205447611292,2.64354182891344,2.64832212306387,2.64687139973397,2.63770421399079,0.987115964910709,1.06432164925621,NA,NA,NA,NA,NA
