"Day","MeanAcceptance"
1,NA
2,0.466666666666667
3,0.48314606741573
4,0.479591836734694
5,0.466666666666667
6,0.488888888888889
7,0.448598130841121
8,0.485436893203884
