"Day","MeanAcceptance"
1,NA
2,0.4
3,0.426966292134831
4,0.479591836734694
5,0.533333333333333
6,0.455555555555556
7,0.429906542056075
8,0.446601941747573
