"Day","MeanAcceptance"
1,NA
2,0.455555555555556
3,0.48314606741573
4,0.479591836734694
5,0.533333333333333
6,0.477777777777778
7,0.457943925233645
8,0.485436893203884
