"Day","MeanAcceptance"
1,NA
2,0.577777777777778
3,0.528089887640449
4,0.510204081632653
5,0.555555555555556
6,0.544444444444444
7,0.485981308411215
8,0.485436893203884
9,0.509259259259259
10,0.670454545454545
11,0.479591836734694
12,0.522222222222222
13,0.471910112359551
14,0.51
15,0.438775510204082
16,0.537735849056604
17,0.483870967741935
18,0.580645161290323
19,0.666666666666667
20,0.480769230769231
21,0.547368421052632
22,0.53
