"Day","MeanAcceptance"
1,NA
2,0.611111111111111
3,0.629213483146067
4,0.551020408163265
5,0.677777777777778
6,0.577777777777778
7,0.532710280373832
8,0.601941747572815
9,0.564814814814815
10,0.75
11,0.510204081632653
12,0.688888888888889
13,0.539325842696629
14,0.54
15,0.448979591836735
16,0.547169811320755
17,0.56989247311828
18,0.720430107526882
19,0.726190476190476
20,0.567307692307692
21,0.631578947368421
22,0.53
