"Day","MeanAcceptance"
1,NA
2,0.933333333333333
3,0.775280898876405
4,0.755102040816326
5,0.822222222222222
6,0.855555555555556
7,0.850467289719626
8,0.87378640776699
