"value1","value2","value3","value4","value5","value6","value7","value8","value9","value10","value11","value12","value13","value14","value15","value16","value17","value18","value19","value20","value21","value22","value23","value24"
NA,NA,NA,NA,NA,NA,NA,1.22949948195322,1.65299678241379,1.87567841615858,1.97848465904416,1.92423718931903,1.41812696345174,1.90161645513964,1.88142501646213,1.86815128695241,1.91001930040484,1.23873601367129,1.13952533328135,NA,NA,NA,NA,NA
NA,NA,NA,NA,NA,NA,NA,1.2382674513328,3.13721028120297,1.23919230173362,1.52918924760092,1.4522516567461,2.10076411929535,1.26798751416559,1.47838345259886,1.45021504363247,1.46732788297444,2.15149660202475,1.0623901852725,NA,NA,NA,NA,NA
