"Day","MeanAcceptance"
1,NA
2,0.455555555555556
3,0.370786516853933
4,0.397959183673469
5,0.311111111111111
6,0.422222222222222
7,0.439252336448598
8,0.41747572815534
