"Day","MeanAcceptance"
1,NA
2,0.455555555555556
3,0.337078651685393
4,0.387755102040816
5,0.355555555555556
6,0.388888888888889
7,0.429906542056075
8,0.436893203883495
