"Day","MeanAcceptance"
1,NA
2,0.322222222222222
3,0.393258426966292
4,0.336734693877551
5,0.3
6,0.255555555555556
7,0.327102803738318
8,0.359223300970874
