"Day","MeanAcceptance"
1,NA
2,0.322222222222222
3,0.404494382022472
4,0.336734693877551
5,0.311111111111111
6,0.255555555555556
7,0.327102803738318
8,0.359223300970874
