"Day","MeanAcceptance"
1,NA
2,0.333333333333333
3,0.382022471910112
4,0.326530612244898
5,0.288888888888889
6,0.266666666666667
7,0.317757009345794
8,0.349514563106796
