"Day","MeanAcceptance"
1,NA
2,0.488888888888889
3,0.471910112359551
4,0.459183673469388
5,0.5
6,0.488888888888889
7,0.439252336448598
8,0.485436893203884
