"Day","MeanAcceptance"
1,NA
2,0.655555555555556
3,0.617977528089888
4,0.571428571428571
5,0.6
6,0.544444444444444
7,0.607476635514019
8,0.640776699029126
