"Day","MeanAcceptance"
1,NA
2,0.655555555555556
3,0.662921348314607
4,0.663265306122449
5,0.544444444444444
6,0.566666666666667
7,0.635514018691589
8,0.650485436893204
