"Day","MeanAcceptance"
1,NA
2,0.655555555555556
3,0.662921348314607
4,0.663265306122449
5,0.566666666666667
6,0.588888888888889
7,0.663551401869159
8,0.650485436893204
