"Day","MeanAcceptance"
1,NA
2,0.488888888888889
3,0.438202247191011
4,0.459183673469388
5,0.477777777777778
6,0.488888888888889
7,0.439252336448598
8,0.533980582524272
