"Day","MeanAcceptance"
1,NA
2,0.288888888888889
3,0.370786516853933
4,0.336734693877551
5,0.4
6,0.355555555555556
7,0.308411214953271
8,0.398058252427184
