"Day","MeanAcceptance"
1,NA
2,0.377777777777778
3,0.393258426966292
4,0.357142857142857
5,0.377777777777778
6,0.355555555555556
7,0.401869158878505
8,0.407766990291262
