"Day","MeanAcceptance"
1,NA
2,0.388888888888889
3,0.393258426966292
4,0.357142857142857
5,0.377777777777778
6,0.355555555555556
7,0.411214953271028
8,0.436893203883495
