"Day","MeanAcceptance"
1,NA
2,0.388888888888889
3,0.393258426966292
4,0.357142857142857
5,0.388888888888889
6,0.366666666666667
7,0.364485981308411
8,0.446601941747573
