"Day","MeanAcceptance"
1,NA
2,0.366666666666667
3,0.382022471910112
4,0.36734693877551
5,0.422222222222222
6,0.366666666666667
7,0.364485981308411
8,0.436893203883495
