"Day","MeanAcceptance"
1,NA
2,0.520793650793651
3,0.453766233766234
4,0.332473776223776
5,0.441204906204906
6,0.532943722943723
7,0.483942307692308
8,0.47485014985015
