"Day","MeanAcceptance"
1,NA
2,0.267460317460317
3,0.18534632034632
4,0.303023643023643
5,0.344271284271284
6,0.280541125541126
7,0.267814407814408
8,0.28534299034299
