"Day","MeanAcceptance"
1,NA
2,0.577619047619048
3,0.521190476190476
4,0.623228854478854
5,0.628116883116883
6,0.608986291486291
7,0.645227411477411
8,0.605511155511156
