"Day","MeanAcceptance"
1,NA
2,0.342539682539683
3,0.201666666666667
4,0.346890193140193
5,0.437150072150072
6,0.385194805194805
7,0.385196886446886
8,0.385777555777556
