"Day","MeanAcceptance"
1,NA
2,0.260793650793651
3,0.196255411255411
4,0.268932733932734
5,0.331854256854257
6,0.247359307359307
7,0.224010989010989
8,0.246057276057276
