"Day","MeanAcceptance"
1,NA
2,0.475555555555556
3,0.432251082251082
4,0.363909423909424
5,0.471839826839827
6,0.485241702741703
7,0.477619047619048
8,0.439135864135864
