"Day","MeanAcceptance"
1,NA
2,0.56047619047619
3,0.563246753246753
4,0.533503996003996
5,0.589660894660895
6,0.590526695526695
7,0.595027472527473
8,0.59000999000999
