"Day","MeanAcceptance"
1,NA
2,0.5
3,0.497207792207792
4,0.534884282384282
5,0.561637806637807
6,0.546428571428571
7,0.551297313797314
8,0.57012654012654
