"Day","MeanAcceptance"
1,NA
2,0.483650793650794
3,0.488528138528139
4,0.523549783549784
5,0.613152958152958
6,0.536630591630592
7,0.494206349206349
8,0.558867798867799
