"Day","MeanAcceptance"
1,NA
2,0.487460317460317
3,0.453766233766234
4,0.281512237762238
5,0.418585858585859
6,0.491428571428571
7,0.456442307692308
8,0.467157842157842
