"value1","value2","value3","value4","value5","value6","value7","value8","value9","value10","value11","value12","value13","value14","value15","value16","value17","value18","value19","value20","value21","value22","value23","value24"
NA,NA,NA,NA,NA,NA,NA,1.37839245823241,2.43884990975163,2.5474830779497,2.01342193709276,2.3688890031397,1.53860836820783,2.39764966974972,2.40765512798636,2.39009425200261,1.95879308340476,1.32518043538794,1.07344864578768,NA,NA,NA,NA,NA
