"Day","MeanAcceptance"
1,NA
2,0.544444444444444
3,0.550561797752809
4,0.510204081632653
5,0.488888888888889
6,0.544444444444444
7,0.514018691588785
8,0.572815533980582
