"Day","MeanAcceptance"
1,NA
2,0.533333333333333
3,0.550561797752809
4,0.489795918367347
5,0.488888888888889
6,0.544444444444444
7,0.514018691588785
8,0.572815533980582
