"Day","MeanAcceptance"
1,NA
2,0.588888888888889
3,0.662921348314607
4,0.622448979591837
5,0.622222222222222
6,0.566666666666667
7,0.560747663551402
8,0.669902912621359
