"Day","MeanAcceptance"
1,NA
2,0.533333333333333
3,0.595505617977528
4,0.510204081632653
5,0.577777777777778
6,0.544444444444444
7,0.542056074766355
8,0.592233009708738
