"Day","MeanAcceptance"
1,NA
2,0.488888888888889
3,0.662921348314607
4,0.530612244897959
5,0.566666666666667
6,0.511111111111111
7,0.457943925233645
8,0.601941747572815
