"Day","MeanAcceptance"
1,NA
2,0.544444444444444
3,0.595505617977528
4,0.530612244897959
5,0.577777777777778
6,0.544444444444444
7,0.560747663551402
8,0.611650485436893
