"Day","MeanAcceptance"
1,NA
2,0.511111111111111
3,0.550561797752809
4,0.510204081632653
5,0.533333333333333
6,0.544444444444444
7,0.504672897196262
8,0.572815533980582
