"Day","MeanAcceptance"
1,NA
2,0.755555555555556
3,0.820224719101124
4,0.755102040816326
5,0.822222222222222
6,0.833333333333333
7,0.794392523364486
8,0.757281553398058
