Day,MeanAcceptance
1,NA
2,0.811111111
3,0.786516854
4,0.755102041
5,0.755555556
6,0.822222222
7,0.76635514
8,0.796116505
,0.784711347
