"Day","MeanAcceptance"
1,NA
2,0.477777777777778
3,0.49438202247191
4,0.479591836734694
5,0.455555555555556
6,0.422222222222222
7,0.476635514018692
8,0.456310679611651
