"Day","MeanAcceptance"
1,NA
2,0.466666666666667
3,0.50561797752809
4,0.479591836734694
5,0.433333333333333
6,0.377777777777778
7,0.467289719626168
8,0.456310679611651
