"Day","MeanAcceptance"
1,NA
2,0.466666666666667
3,0.50561797752809
4,0.5
5,0.477777777777778
6,0.4
7,0.467289719626168
8,0.475728155339806
