"Day","MeanAcceptance"
1,NA
2,0.466666666666667
3,0.49438202247191
4,0.479591836734694
5,0.433333333333333
6,0.366666666666667
7,0.457943925233645
8,0.485436893203884
