"Day","MeanAcceptance"
1,NA
2,0.477777777777778
3,0.51685393258427
4,0.479591836734694
5,0.466666666666667
6,0.411111111111111
7,0.467289719626168
8,0.466019417475728
