"value1","value2","value3","value4","value5","value6","value7","value8","value9","value10","value11","value12","value13","value14","value15","value16","value17","value18","value19","value20","value21","value22","value23","value24"
NA,NA,NA,NA,NA,NA,NA,1.22949948195322,1.65299678241379,1.87567841615858,1.97848465904416,1.92423718931903,1.41812696345174,1.90161645513964,1.88142501646213,1.86815128695241,1.91001930040484,1.23873601367129,1.13952533328135,NA,NA,NA,NA,NA
NA,NA,NA,NA,NA,NA,NA,1.1433294320442,2.99343303842815,2.87892729193854,2.80832534103138,2.75098644351042,2.70203970728444,2.64352765710188,2.64830841825171,2.64685809528771,2.63832528169979,0.987132513325192,1.06432193973329,NA,NA,NA,NA,NA
NA,NA,NA,NA,NA,NA,NA,1.09878210923541,2.94584260700344,2.81975277233871,2.6227164932872,1.87470919784751,1.792622830963,2.66565599326528,2.51682206571834,2.58130816426539,1.04870602248597,1.83376176683102,1.01820187884064,NA,NA,NA,NA,NA
NA,NA,NA,NA,NA,NA,NA,1.1633142226609,2.990820066153,2.86139497852064,2.73816246035351,2.69721742880235,2.2320325627666,2.61888093879235,2.58245758697251,2.59523606754225,2.62011601373679,1.90860942667743,1.08939415151425,NA,NA,NA,NA,NA
NA,NA,NA,NA,NA,NA,NA,1.22383747863725,2.38179098489722,2.99711574947656,2.90238388227317,2.8459658009283,2.82278902333879,2.79147093840089,2.79888506266901,2.8061580157377,2.83042273662475,2.66461274701465,1.17911691728271,NA,NA,NA,NA,NA
NA,NA,NA,NA,NA,NA,NA,1.15578751280671,2.28274973562946,2.97274557046442,2.87958615285466,2.85301677186294,2.83008702922419,2.82734233412059,2.81639102690726,2.81637749319195,2.82105736835048,2.71072113584521,1.19745437600202,NA,NA,NA,NA,NA
NA,NA,NA,NA,NA,NA,NA,1.30516614469275,2.88992955520147,2.98805988675363,2.89419718818844,2.70545728134844,2.69740553582176,2.56775782613532,2.58581295960033,2.59805862642523,2.68409402158126,1.95787325882427,1.07686756770302,NA,NA,NA,NA,NA
NA,NA,NA,NA,NA,NA,NA,1.05238667888518,3.04576696857735,2.9190922938748,2.77208175598034,2.73604385142134,2.72350733372269,2.68672314526722,2.67939084230849,2.6803700897252,2.67831481248787,1.78129662851164,1.11150138160356,NA,NA,NA,NA,NA
