"value1","value2","value3","value4","value5","value6","value7","value8","value9","value10","value11","value12","value13","value14","value15","value16","value17","value18","value19","value20","value21","value22","value23","value24"
NA,NA,NA,NA,NA,NA,NA,1.22949948195322,1.65299678241379,1.87567841615858,1.97848465904416,1.92423718931903,1.41812696345174,1.90161645513964,1.88142501646213,1.86815128695241,1.91001930040484,1.23873601367129,1.13952533328135,NA,NA,NA,NA,NA
NA,NA,NA,NA,NA,NA,NA,1.11333412286398,2.94606160576512,2.84771341210658,2.79841288901701,2.74279660662647,2.69352505413145,2.63541616522142,2.64045336218266,2.63924534117164,2.63030184932739,1.39186119157584,1.06120139260429,NA,NA,NA,NA,NA
NA,NA,NA,NA,NA,NA,NA,1.0687917887576,2.94071770776117,2.84422444746924,2.61376937794893,1.19086470330737,2.61952186972041,2.51655582204962,2.47784665778585,2.53814902953444,1.65241052228608,2.00292049955996,1.01819102535778,NA,NA,NA,NA,NA
NA,NA,NA,NA,NA,NA,NA,1.13331395594629,2.97244072142064,2.82942382336917,2.73672889521418,2.69600993547689,1.50255372086604,2.66390157291232,2.60603084440446,2.60812123896609,2.62441852757786,2.6622978609196,1.0889061788963,NA,NA,NA,NA,NA
NA,NA,NA,NA,NA,NA,NA,1.20883733178133,3.20756184134416,2.9166592583958,2.84936288749467,2.80646144687145,2.81159292796179,2.77566801612702,2.78027595370619,2.79299598296061,2.81759851883267,2.75788797111645,1.178985184688,NA,NA,NA,NA,NA
NA,NA,NA,NA,NA,NA,NA,1.15578707638287,3.16045608388467,2.91498649344255,2.84209855160222,2.81497669439526,2.81863756999815,2.81198455222841,2.79825327413942,2.80320035536387,2.80834221440714,2.76728892935604,1.19724579133116,NA,NA,NA,NA,NA
NA,NA,NA,NA,NA,NA,NA,1.27516670664551,2.18008296375492,2.98942632575629,2.88074169944739,2.71097364825524,2.59667134362966,2.54101948306896,2.58064055733062,2.58894681271767,2.68296934251635,2.61089579582842,1.07577351389863,NA,NA,NA,NA,NA
NA,NA,NA,NA,NA,NA,NA,1.03739275320444,2.93517115039863,2.78580238784283,2.75865774017754,2.72743112576113,2.71479896525511,2.67808785018176,2.67114675702952,2.67243798947224,2.6769012128876,2.71739550167057,1.11013612123906,NA,NA,NA,NA,NA
