"value1","value2","value3","value4","value5","value6","value7","value8","value9","value10","value11","value12","value13","value14","value15","value16","value17","value18","value19","value20","value21","value22","value23","value24"
NA,NA,NA,NA,NA,NA,NA,1.22949948195322,1.65299678241379,1.87567841615858,1.97848465904416,1.92423718931903,1.41812696345174,1.90161645513964,1.88142501646213,1.86815128695241,1.91001930040484,1.23873601367129,1.13952533328135,NA,NA,NA,NA,NA
NA,NA,NA,NA,NA,NA,NA,1.12833055682136,2.97320970554865,2.86172257894481,2.80735200334536,2.75052025302407,2.72559803164069,2.64342514999436,2.64779027563825,2.6513032021718,2.4023272646857,1.0764369303144,1.06248012994154,NA,NA,NA,NA,NA
NA,NA,NA,NA,NA,NA,NA,1.08378719178687,2.95210528686676,2.81868503956152,2.70320629050655,1.01065108885899,2.5140899173957,1.39477272598192,2.67456627649232,2.58594839253723,1.3401463521684,2.01455415024607,1.01819007338351,NA,NA,NA,NA,NA
NA,NA,NA,NA,NA,NA,NA,1.14831250540831,2.98007037897286,3.02395402591804,2.70149193850895,2.73578025417676,1.17696723089757,2.70543577539461,2.78438457703366,2.40832988172037,2.78390285567987,2.65131050278128,1.08893269811977,NA,NA,NA,NA,NA
NA,NA,NA,NA,NA,NA,NA,1.22383586151823,2.75922612509622,3.21223661566424,2.91267677969882,2.87466873639167,2.82873647210168,2.79210360248637,2.79542472630882,1.7095478608825,2.87033813808211,2.77710496640013,1.17906839820284,NA,NA,NA,NA,NA
NA,NA,NA,NA,NA,NA,NA,1.17078105640971,2.78228500630081,3.04470454728909,2.87835608043804,2.84448368513699,2.83650410160552,2.83509143763857,2.82645160162972,2.82787985727065,2.83195240230231,1.36591588978232,1.20217868813735,NA,NA,NA,NA,NA
NA,NA,NA,NA,NA,NA,NA,1.29016214280356,1.85274027660366,3.07741248032174,3.00339523746718,2.73905907768136,2.59372845468358,2.55924157753072,2.75220549750726,2.76223735387882,2.76710387682884,1.28142820775615,1.07867269503421,NA,NA,NA,NA,NA
NA,NA,NA,NA,NA,NA,NA,1.03738875696876,2.28645483031526,1.74214780717909,2.97658127033159,2.82530513990815,2.76261985068902,2.71795937959371,2.70153638314833,2.7154873331497,2.6827951553325,2.7497278866915,1.11018011801541,NA,NA,NA,NA,NA
