"Day","MeanAcceptance"
1,NA
2,0.922222222222222
3,0.887640449438202
4,0.897959183673469
5,0.9
6,0.9
7,0.925233644859813
8,0.902912621359223
