"Day","MeanAcceptance"
1,NA
2,0.866666666666667
3,0.808988764044944
4,0.806122448979592
5,0.855555555555556
6,0.855555555555556
7,0.841121495327103
8,0.83495145631068
