"Day","MeanAcceptance"
1,NA
2,0.855555555555556
3,0.797752808988764
4,0.857142857142857
5,0.833333333333333
6,0.888888888888889
7,0.85981308411215
8,0.883495145631068
