"Day","MeanAcceptance"
1,NA
2,0.777777777777778
3,0.764044943820225
4,0.755102040816326
5,0.777777777777778
6,0.788888888888889
7,0.794392523364486
8,0.786407766990291
