"Day","MeanAcceptance"
1,NA
2,0.777777777777778
3,0.752808988764045
4,0.775510204081633
5,0.788888888888889
6,0.844444444444444
7,0.813084112149533
8,0.815533980582524
