"Day","MeanAcceptance"
1,NA
2,0.811111111111111
3,0.797752808988764
4,0.775510204081633
5,0.8
6,0.811111111111111
7,0.794392523364486
8,0.805825242718447
