"Day","MeanAcceptance"
1,NA
2,0.811111111111111
3,0.820224719101124
4,0.826530612244898
5,0.844444444444444
6,0.833333333333333
7,0.813084112149533
8,0.844660194174757
