"Day","MeanAcceptance"
1,NA
2,0.788888888888889
3,0.764044943820225
4,0.785714285714286
5,0.788888888888889
6,0.811111111111111
7,0.813084112149533
8,0.825242718446602
