"Day","MeanAcceptance"
1,NA
2,0.744444444444444
3,0.629213483146067
4,0.714285714285714
5,0.766666666666667
6,0.788888888888889
7,0.775700934579439
8,0.796116504854369
