"value1","value2","value3","value4","value5","value6","value7","value8","value9","value10","value11","value12","value13","value14","value15","value16","value17","value18","value19","value20","value21","value22","value23","value24"
NA,NA,NA,NA,NA,NA,NA,1.22949948195322,1.65299678241379,1.87567841615858,1.97848465904416,1.92423718931903,1.41812696345174,1.90161645513964,1.88142501646213,1.86815128695241,1.91001930040484,1.23873601367129,1.13952533328135,NA,NA,NA,NA,NA
NA,NA,NA,NA,NA,NA,NA,1.11332884063904,2.06126521402859,2.06562797913912,2.17856352661911,2.00342106423373,2.69304584163654,2.73050205254976,2.71305030415445,2.71741309893684,2.77855539531808,2.07093210443736,1.0606384848382,NA,NA,NA,NA,NA
NA,NA,NA,NA,NA,NA,NA,1.06875798406642,2.22224634485956,2.07536562093984,1.80097534414165,1.67183781159061,1.24597139339289,1.7247770362002,2.83505897346636,1.54024588909024,2.80474427404786,1.1387713084691,1.02214468707502,NA,NA,NA,NA,NA
NA,NA,NA,NA,NA,NA,NA,1.13329383026778,3.2755387304457,2.02119703366991,2.24079245619213,2.82345551993578,1.36530982663609,2.81803046707514,2.84901642871183,1.63929469217556,2.88692405399324,1.02412696755549,1.09453187354521,NA,NA,NA,NA,NA
NA,NA,NA,NA,NA,NA,NA,1.20882767643078,2.58488222075719,2.53307479625256,3.07148172367585,2.88426511397473,2.93052242169482,2.84916766930032,2.84925270129501,2.04601600583719,2.28466803950763,1.46742538281442,1.18334328556192,NA,NA,NA,NA,NA
NA,NA,NA,NA,NA,NA,NA,1.15578317709467,3.1421717740049,2.00674062153079,2.92398176200747,2.92842837812377,1.62173376278098,2.94982253125412,1.98958098259821,2.95000609842772,3.00463420985765,2.18641183358528,1.19820793373337,NA,NA,NA,NA,NA
NA,NA,NA,NA,NA,NA,NA,1.27515465019649,2.20399955497596,3.15572882712652,3.16116752166997,1.80432539388333,2.30656687228507,1.449612502313,2.92476637055371,2.84524682996291,2.82027737187034,1.07582642659975,1.0817372599228,NA,NA,NA,NA,NA
NA,NA,NA,NA,NA,NA,NA,1.03736282863033,2.34777600161808,2.27067278289674,2.28860188434707,2.89439636658651,1.46745220667563,2.22237742869334,2.873770598932,2.90001504371469,2.89962952262702,1.09825241624368,1.11679059754691,NA,NA,NA,NA,NA
