"value1","value2","value3","value4","value5","value6","value7","value8","value9","value10","value11","value12","value13","value14","value15","value16","value17","value18","value19","value20","value21","value22","value23","value24"
NA,NA,NA,NA,NA,NA,NA,1.22949948195322,1.65299678241379,1.87567841615858,1.97848465904416,1.92423718931903,1.41812696345174,1.90161645513964,1.88142501646213,1.86815128695241,1.91001930040484,1.23873601367129,1.13952533328135,NA,NA,NA,NA,NA
NA,NA,NA,NA,NA,NA,NA,1.1133294319173,2.02875708174804,2.02975316857075,2.14730413537572,1.97633498545658,2.65516486770802,2.78452308766063,2.78520507641125,2.81870438496069,2.82115795602029,2.51907841263543,1.06052972949841,NA,NA,NA,NA,NA
NA,NA,NA,NA,NA,NA,NA,1.068756121781,2.21969460938608,2.12848331568937,1.79907847681464,1.67026447172822,1.39990826608066,1.70663233713106,2.81791327515655,1.51963518476231,2.82735050070095,1.12016267281364,1.02209251357468,NA,NA,NA,NA,NA
NA,NA,NA,NA,NA,NA,NA,1.13329333585054,3.27728713550976,2.02891410400804,2.24593698238397,2.90099527657184,1.42111885041719,2.81143966894284,2.83133128784588,1.67104459598538,2.89445896713005,1.02184666651348,1.0944839701962,NA,NA,NA,NA,NA
NA,NA,NA,NA,NA,NA,NA,1.20882767036288,2.58489939785812,2.53308262919887,3.07141854302276,2.9132966933457,2.93278260673627,2.84917425463635,2.84845387334157,2.04554230061437,2.28431350999392,1.4670500077687,1.18334384816348,NA,NA,NA,NA,NA
NA,NA,NA,NA,NA,NA,NA,1.15578319886526,3.03608955557272,2.02063258718294,3.0171322253912,2.91568177288928,1.62198893462187,2.94586890644897,1.98662202323845,2.94978816027592,3.00501485380098,2.18463289376504,1.19820899406923,NA,NA,NA,NA,NA
NA,NA,NA,NA,NA,NA,NA,1.27515412561072,2.22361005953604,3.2652692412995,3.13921955041571,1.80771323384127,2.31532072651596,1.45113779924217,2.92696801774707,2.89973172316824,2.85527656463878,1.0725232839231,1.08159425206216,NA,NA,NA,NA,NA
NA,NA,NA,NA,NA,NA,NA,1.03736438113483,2.31231756785427,2.24469600973153,2.26517218425775,2.94049229195603,1.61272263028792,2.14174208567362,2.86233335892542,2.90136281055718,2.88589875278364,1.18695896564222,1.11513394063566,NA,NA,NA,NA,NA
