"Day","MeanAcceptance"
1,NA
2,0.522222222222222
3,0.617977528089888
4,0.571428571428571
5,0.577777777777778
6,0.555555555555556
7,0.542056074766355
8,0.611650485436893
