"Day","MeanAcceptance"
1,NA
2,0.477777777777778
3,0.460674157303371
4,0.479591836734694
5,0.488888888888889
6,0.488888888888889
7,0.457943925233645
8,0.514563106796116
