"Day","MeanAcceptance"
1,NA
2,0.5
3,0.528089887640449
4,0.510204081632653
5,0.555555555555556
6,0.522222222222222
7,0.542056074766355
8,0.553398058252427
