"Day","MeanAcceptance"
1,NA
2,0.388888888888889
3,0.584269662921348
4,0.520408163265306
5,0.555555555555556
6,0.522222222222222
7,0.476635514018692
8,0.553398058252427
