"Day","MeanAcceptance"
1,NA
2,0.755555555555556
3,0.707865168539326
4,0.591836734693878
5,0.744444444444444
6,0.788888888888889
7,0.775700934579439
8,0.786407766990291
