"Day","MeanAcceptance"
1,NA
2,0
3,0.0561797752808989
4,0
5,0.0111111111111111
6,0.0444444444444444
7,0.0280373831775701
8,0.0388349514563107
