"Day","MeanAcceptance"
1,NA
2,0.0666666666666667
3,0.0898876404494382
4,0.0510204081632653
5,0.0444444444444444
6,0.0777777777777778
7,0.0467289719626168
8,0.0485436893203883
