"Day","MeanAcceptance"
1,NA
2,0.144444444444444
3,0.0786516853932584
4,0.153061224489796
5,0.1
6,0.1
7,0.14018691588785
8,0.12621359223301
