"Day","MeanAcceptance"
1,NA
2,0.111111111111111
3,0.0449438202247191
4,0.163265306122449
5,0.122222222222222
6,0.122222222222222
7,0.14018691588785
8,0.116504854368932
