"Day","MeanAcceptance"
1,NA
2,0.0555555555555556
3,0.0224719101123595
4,0.0306122448979592
5,0.0555555555555556
6,0.0777777777777778
7,0.0373831775700935
8,0.058252427184466
