"Day","MeanAcceptance"
1,NA
2,0.0777777777777778
3,0.0561797752808989
4,0.122448979591837
5,0.0777777777777778
6,0.0888888888888889
7,0.102803738317757
8,0.087378640776699
