"Day","MeanAcceptance"
1,NA
2,0.0444444444444444
3,0.0898876404494382
4,0.0204081632653061
5,0.0222222222222222
6,0.0444444444444444
7,0.0280373831775701
8,0.0388349514563107
