"Day","MeanAcceptance"
1,NA
2,0.0444444444444444
3,0.0337078651685393
4,0.0306122448979592
5,0.0222222222222222
6,0.0555555555555556
7,0.0467289719626168
8,0.0388349514563107
