"value1","value2","value3","value4","value5","value6","value7","value8","value9","value10","value11","value12","value13","value14","value15","value16","value17","value18","value19","value20","value21","value22","value23","value24"
NA,NA,NA,NA,NA,NA,NA,1.22949948195322,1.65299678241379,1.87567841615858,1.97848465904416,1.92423718931903,1.41812696345174,1.90161645513964,1.88142501646213,1.86815128695241,1.91001930040484,1.23873601367129,1.13952533328135,NA,NA,NA,NA,NA
NA,NA,NA,NA,NA,NA,NA,1.14932839449273,3.0023015171792,2.88615825550974,2.8145929125266,2.7551205602738,2.72616643936701,2.65285811127448,2.68865947622947,2.66094632194138,2.46782574438491,1.04784252197026,1.06412428042788,NA,NA,NA,NA,NA
NA,NA,NA,NA,NA,NA,NA,1.10278373141635,2.96720077809649,2.84093196086661,2.6315610565383,1.17478171157066,2.01929220807788,1.63873620343368,1.86924995707682,2.71018632542194,1.25188983057423,2.03231103487912,1.01808029658284,NA,NA,NA,NA,NA
NA,NA,NA,NA,NA,NA,NA,1.17531043136735,3.02070855216762,2.83579396366744,2.78122682252045,2.69539342265246,1.26396581581053,2.68659552988644,2.57962540390059,2.66830001245724,2.51459257436204,2.2195730053627,1.08892022058972,NA,NA,NA,NA,NA
NA,NA,NA,NA,NA,NA,NA,1.23283740421214,2.41092673998262,3.02820886414935,2.90861773109977,2.91063278212715,2.83011346575127,2.83315348537333,2.83127611867992,2.81049431735406,2.82694039295252,2.66350703773086,1.17911882691531,NA,NA,NA,NA,NA
NA,NA,NA,NA,NA,NA,NA,1.18978746206025,2.3279939535221,3.2316237134895,2.9361484224409,2.85442648328542,2.82903072038144,2.8272406139493,2.8165385341285,2.81641708735894,2.98988362078682,2.73589338876573,1.19743305163023,NA,NA,NA,NA,NA
NA,NA,NA,NA,NA,NA,NA,1.31715928360631,2.27807419948431,3.22202785135615,3.01817301395003,2.86139487672646,2.59830654799004,2.57085708553724,2.35181330969224,2.49112463965178,2.51943413511289,1.38538783547962,1.07797696200721,NA,NA,NA,NA,NA
NA,NA,NA,NA,NA,NA,NA,1.07738763912535,2.9942916311876,2.96367953788172,2.51934928768144,2.54830377739395,2.73847578436945,2.70093721534935,2.6943952436843,2.39407137674338,2.69171836771575,2.04359888550473,1.11087244074449,NA,NA,NA,NA,NA
