"Day","MeanAcceptance"
1,NA
2,0.522222222222222
3,0.528089887640449
4,0.469387755102041
5,0.566666666666667
6,0.511111111111111
7,0.504672897196262
8,0.495145631067961
