"Day","MeanAcceptance"
1,NA
2,0.577777777777778
3,0.539325842696629
4,0.540816326530612
5,0.522222222222222
6,0.511111111111111
7,0.626168224299065
8,0.466019417475728
