"Day","MeanAcceptance"
1,NA
2,0.422222222222222
3,0.415730337078652
4,0.448979591836735
5,0.444444444444444
6,0.444444444444444
7,0.457943925233645
8,0.398058252427184
