"Day","MeanAcceptance"
1,NA
2,0.433333333333333
3,0.49438202247191
4,0.438775510204082
5,0.488888888888889
6,0.488888888888889
7,0.448598130841121
8,0.436893203883495
