"Day","MeanAcceptance"
1,NA
2,0.433333333333333
3,0.471910112359551
4,0.448979591836735
5,0.466666666666667
6,0.455555555555556
7,0.457943925233645
8,0.398058252427184
