"Day","MeanAcceptance"
1,NA
2,0.588888888888889
3,0.51685393258427
4,0.540816326530612
5,0.533333333333333
6,0.511111111111111
7,0.626168224299065
8,0.466019417475728
