"Day","MeanAcceptance"
1,NA
2,0.433333333333333
3,0.460674157303371
4,0.408163265306122
5,0.466666666666667
6,0.455555555555556
7,0.429906542056075
8,0.398058252427184
