"Day","MeanAcceptance"
1,NA
2,0.588888888888889
3,0.561797752808989
4,0.520408163265306
5,0.611111111111111
6,0.588888888888889
7,0.551401869158878
8,0.563106796116505
