"value1","value2","value3","value4","value5","value6","value7","value8","value9","value10","value11","value12","value13","value14","value15","value16","value17","value18","value19","value20","value21","value22","value23","value24"
NA,NA,NA,NA,NA,NA,NA,1.22949948195322,1.65299678241379,1.87567841615858,1.97848465904416,1.92423718931903,1.41812696345174,1.90161645513964,1.88142501646213,1.86815128695241,1.91001930040484,1.23873601367129,1.13952533328135,NA,NA,NA,NA,NA
NA,NA,NA,NA,NA,NA,NA,1.20332943644236,3.05345430005633,2.91794567107132,2.81034115105182,2.75100068907757,2.70205447611292,2.64354182891344,2.64832212306387,2.64687139973397,2.63770421399079,0.987115964910709,1.06432164925621,NA,NA,NA,NA,NA
NA,NA,NA,NA,NA,NA,NA,1.14078879185612,3.01374769769017,2.86793536387094,2.65609656438392,2.65255461574428,2.61949306312285,2.48836988865145,2.48776933985673,2.54952985143266,1.11326704848522,1.80904326184152,1.01794399294296,NA,NA,NA,NA,NA
