"value1","value2","value3","value4","value5","value6","value7","value8","value9","value10","value11","value12","value13","value14","value15","value16","value17","value18","value19","value20","value21","value22","value23","value24"
NA,NA,NA,NA,NA,NA,NA,1.22949948195322,1.65299678241379,1.87567841615858,1.97848465904416,1.92423718931903,1.41812696345174,1.90161645513964,1.88142501646213,1.86815128695241,1.91001930040484,1.23873601367129,1.13952533328135,NA,NA,NA,NA,NA
NA,NA,NA,NA,NA,NA,NA,1.19732881753819,3.04521479689319,2.92577537753371,2.81072663426573,2.78037196281438,2.71284088114709,2.64664977430281,2.64098777919657,2.64481659485235,2.79473138332761,0.992673342434294,1.06430447199622,NA,NA,NA,NA,NA
NA,NA,NA,NA,NA,NA,NA,1.13178056737324,2.98268121157476,2.95945160394228,2.77517598763323,1.05946101966577,1.62403251544789,2.35267389698438,2.6793262374566,2.64939672446274,1.10100012782933,1.73810268307895,1.01807492377221,NA,NA,NA,NA,NA
