"value1","value2","value3","value4","value5","value6","value7","value8","value9","value10","value11","value12","value13","value14","value15","value16","value17","value18","value19","value20","value21","value22","value23","value24"
NA,NA,NA,NA,NA,NA,NA,1.22949948195322,1.65299678241379,1.87567841615858,1.97848465904416,1.92423718931903,1.41812696345174,1.90161645513964,1.88142501646213,1.86815128695241,1.91001930040484,1.23873601367129,1.13952533328135,NA,NA,NA,NA,NA
NA,NA,NA,NA,NA,NA,NA,1.2113294320442,3.06143303842815,2.90892729193854,2.81032534103138,2.75098644351042,2.70203970728444,2.64352765710188,2.64830841825171,2.64685809528771,2.63832528169979,0.987132513325192,1.06432193973329,NA,NA,NA,NA,NA
NA,NA,NA,NA,NA,NA,NA,1.15678210923541,2.98584260700344,2.85775277233871,2.6527164932872,1.87470919784751,1.792622830963,2.66565599326528,2.51682206571834,2.58130816426539,1.04870602248597,1.83376176683102,1.01820187884064,NA,NA,NA,NA,NA
