"value1","value2","value3","value4","value5","value6","value7","value8","value9","value10","value11","value12","value13","value14","value15","value16","value17","value18","value19","value20","value21","value22","value23","value24"
NA,NA,NA,NA,NA,NA,NA,1.22949948195322,1.65299678241379,1.87567841615858,1.97848465904416,1.92423718931903,1.41812696345174,1.90161645513964,1.88142501646213,1.86815128695241,1.91001930040484,1.23873601367129,1.13952533328135,NA,NA,NA,NA,NA
NA,NA,NA,NA,NA,NA,NA,1.19733412286398,3.03006160576513,2.89571341210658,2.80041288901701,2.74279660662647,2.69352505413145,2.63541616522142,2.64045336218266,2.63924534117164,2.63030184932739,1.39186119157584,1.06120139260429,NA,NA,NA,NA,NA
NA,NA,NA,NA,NA,NA,NA,1.1407917887576,3.00071770776117,2.88122444746924,2.65176937794893,1.19086470330737,2.61952186972041,2.51655582204962,2.47784665778585,2.53814902953444,1.65241052228608,2.00292049955996,1.01819102535778,NA,NA,NA,NA,NA
