"value1","value2","value3","value4","value5","value6","value7","value8","value9","value10","value11","value12","value13","value14","value15","value16","value17","value18","value19","value20","value21","value22","value23","value24"
NA,NA,NA,NA,NA,NA,NA,1.22949948195322,1.65299678241379,1.87567841615858,1.97848465904416,1.92423718931903,1.41812696345174,1.90161645513964,1.88142501646213,1.86815128695241,1.91001930040484,1.23873601367129,1.13952533328135,NA,NA,NA,NA,NA
NA,NA,NA,NA,NA,NA,NA,1.15633055682136,3.00120970554865,2.87572257894481,2.80935200334536,2.75052025302407,2.72559803164069,2.64342514999436,2.64779027563825,2.6513032021718,2.4023272646857,1.0764369303144,1.06248012994154,NA,NA,NA,NA,NA
NA,NA,NA,NA,NA,NA,NA,1.11778719178687,2.97210528686676,2.83868503956152,2.72120629050655,1.01065108885899,2.5140899173957,1.39477272598192,2.67456627649232,2.58594839253723,1.3401463521684,2.01455415024607,1.01819007338351,NA,NA,NA,NA,NA
