"value1","value2","value3","value4","value5","value6","value7","value8","value9","value10","value11","value12","value13","value14","value15","value16","value17","value18","value19","value20","value21","value22","value23","value24"
NA,NA,NA,NA,NA,NA,NA,1.22949948195322,1.65299678241379,1.87567841615858,1.97848465904416,1.92423718931903,1.41812696345174,1.90161645513964,1.88142501646213,1.86815128695241,1.91001930040484,1.23873601367129,1.13952533328135,NA,NA,NA,NA,NA
NA,NA,NA,NA,NA,NA,NA,1.16032841119075,3.01327653396248,2.8971361786672,2.81457238311164,2.7551006411034,2.70637345528815,2.65226736933113,2.68874988551398,2.66145603981263,2.46816821903843,1.04808328839378,1.06412398206931,NA,NA,NA,NA,NA
NA,NA,NA,NA,NA,NA,NA,1.11378144874279,2.97145108090343,2.84454711825411,2.63481374156886,1.08335652424564,1.70630549190973,1.68977042316924,1.91935263187309,2.71210961855737,1.14586757644306,1.78664641960884,1.01773819440965,NA,NA,NA,NA,NA
