"value1","value2","value3","value4","value5","value6","value7","value8","value9","value10","value11","value12","value13","value14","value15","value16","value17","value18","value19","value20","value21","value22","value23","value24"
NA,NA,NA,NA,NA,NA,NA,1.22949948195322,1.65299678241379,1.87567841615858,1.97848465904416,1.92423718931903,1.41812696345174,1.90161645513964,1.88142501646213,1.86815128695241,1.91001930040484,1.23873601367129,1.13952533328135,NA,NA,NA,NA,NA
NA,NA,NA,NA,NA,NA,NA,1.14932839449273,3.0023015171792,2.88615825550974,2.8145929125266,2.7551205602738,2.72616643936701,2.65285811127448,2.68865947622947,2.66094632194138,2.46782574438491,1.04784252197026,1.06412428042788,NA,NA,NA,NA,NA
NA,NA,NA,NA,NA,NA,NA,1.10278373141635,2.96720077809649,2.84093196086661,2.6315610565383,1.17478171157066,2.01929220807788,1.63873620343368,1.86924995707682,2.71018632542194,1.25188983057423,2.03231103487912,1.01808029658284,NA,NA,NA,NA,NA
