"Day","MeanAcceptance"
1,NA
2,0.933333333333333
3,0.853932584269663
