"Day","MeanAcceptance"
1,NA
2,0.977777777777778
3,0.932584269662921
