"Day","MeanAcceptance"
1,NA
2,0.811111111111111
3,0.831460674157303
