"Day","MeanAcceptance"
1,NA
2,0.833333333333333
3,0.865168539325843
