"Day","MeanAcceptance"
1,NA
2,0.922222222222222
3,0.887640449438202
