"Day","MeanAcceptance"
1,NA
2,0.822222222222222
3,0.662921348314607
4,0.755102040816326
5,0.755555555555556
6,0.766666666666667
7,0.831775700934579
8,0.815533980582524
