"value1","value2","value3","value4","value5","value6","value7","value8","value9","value10","value11","value12","value13","value14","value15","value16","value17","value18","value19","value20","value21","value22","value23","value24"
NA,NA,NA,NA,NA,NA,NA,1.22949948195322,1.65299678241379,1.87567841615858,1.97848465904416,1.92423718931903,1.41812696345174,1.90161645513964,1.88142501646213,1.86815128695241,1.91001930040484,1.23873601367129,1.13952533328135,NA,NA,NA,NA,NA
NA,NA,NA,NA,NA,NA,NA,1.11329922172817,2.53617064268436,2.10514486164355,2.58574812246256,1.99364501493919,1.92944063390786,2.33652595538842,2.3387086567967,2.31001163224656,1.78975109844634,1.15525352186249,1.06396910359558,NA,NA,NA,NA,NA
NA,NA,NA,NA,NA,NA,NA,1.06873956676771,2.31837970350488,2.25232384356303,1.85231144937739,1.71694985914935,1.44404601707194,1.73419889827112,1.70946102087139,1.533877984674,1.6101172736271,1.35047665703943,1.02149256396143,NA,NA,NA,NA,NA
NA,NA,NA,NA,NA,NA,NA,1.13328053388402,2.50494443145215,2.46150203068749,2.30981889692307,2.2551908038505,1.81822677927947,1.91081459637412,2.30970184301686,2.13188211199438,2.30020468359331,1.27527250632964,1.09180667806223,NA,NA,NA,NA,NA
NA,NA,NA,NA,NA,NA,NA,1.20881462702562,2.68885636717555,2.97637574226614,1.22910044035388,2.41053934722209,2.40179795890243,1.21995671482155,2.39183710503128,2.50779808304061,2.9339052994513,1.69678659084414,1.18226450123521,NA,NA,NA,NA,NA
NA,NA,NA,NA,NA,NA,NA,1.1557594299021,2.58881677917456,3.00042319875224,1.20683441321495,2.37942796525582,1.23664291034535,2.95277969659713,2.90856399062957,2.43092838830092,2.82447112016963,1.21390319374309,1.20547192447263,NA,NA,NA,NA,NA
NA,NA,NA,NA,NA,NA,NA,1.27514148176913,2.55249458132548,2.41431295964942,2.5101671720047,2.25862135471582,1.48830282681509,1.83622883679363,1.96977512045314,2.23268181153027,1.9698095925792,1.37978149995085,1.07975244287809,NA,NA,NA,NA,NA
NA,NA,NA,NA,NA,NA,NA,1.03734482090908,2.56797590279195,2.17899785809729,2.5353900429684,2.41333309777409,1.17475024605648,2.19113501040239,2.47140809107348,2.43663458098237,2.41208280380804,1.44041841134126,1.11385380975223,NA,NA,NA,NA,NA
