"value1","value2","value3","value4","value5","value6","value7","value8","value9","value10","value11","value12","value13","value14","value15","value16","value17","value18","value19","value20","value21","value22","value23","value24"
NA,NA,NA,NA,NA,NA,NA,1.22949948195322,1.65299678241379,1.87567841615858,1.97848465904416,1.92423718931903,1.41812696345174,1.90161645513964,1.88142501646213,1.86815128695241,1.91001930040484,1.23873601367129,1.13952533328135,NA,NA,NA,NA,NA
NA,NA,NA,NA,NA,NA,NA,1.11329483201691,1.98930363253836,2.26435073516829,2.27752719862426,1.87128259235923,1.80014270178218,2.13902907345612,2.1517004462801,2.1454182607846,2.34166924171279,1.33893348633304,1.06305307306396,NA,NA,NA,NA,NA
NA,NA,NA,NA,NA,NA,NA,1.0687327771331,2.60033674146799,1.7618114181472,1.6910994657967,1.41666247235482,1.38150700553008,1.61128492968435,1.6172426065036,1.48440676027688,1.87335640635851,1.54711520333514,1.02072497557452,NA,NA,NA,NA,NA
NA,NA,NA,NA,NA,NA,NA,1.13327112122941,2.29658700945852,2.30068763877474,2.15423065883948,2.1111353600887,1.30184652015095,2.10714737037644,1.80548711686998,2.04814023478592,1.84055868329654,1.41068157456979,1.09189496329642,NA,NA,NA,NA,NA
NA,NA,NA,NA,NA,NA,NA,1.20880802097784,2.30133294214424,2.58171185533705,2.48445325110298,2.03490392404929,1.97676029940752,2.35289589926306,2.32056870227302,2.27926944651961,2.31299514499087,1.43805059692551,1.18422481980371,NA,NA,NA,NA,NA
NA,NA,NA,NA,NA,NA,NA,1.15575985986753,2.68015306149831,2.32450292036141,2.31046852810617,2.20924050729892,1.71122021988658,2.27732841421112,2.2504513595775,2.28671316781017,2.31945186384447,1.45718057146143,1.20183330494645,NA,NA,NA,NA,NA
NA,NA,NA,NA,NA,NA,NA,1.27513563807423,2.08724992934198,2.43082481904824,2.41016963335868,2.15496564883719,1.96811050267897,1.59112359652584,1.81981006718535,2.30056138121178,1.826474393472,1.47112304759226,1.07990723915508,NA,NA,NA,NA,NA
NA,NA,NA,NA,NA,NA,NA,1.03733592937223,1.76522656807303,2.33362252858339,2.59798682182994,2.10942659295799,1.77023089462724,1.83610520699286,2.13580047280935,2.1796815225617,1.88979936147433,1.53231431325379,1.11398505080937,NA,NA,NA,NA,NA
