"value1","value2","value3","value4","value5","value6","value7","value8","value9","value10","value11","value12","value13","value14","value15","value16","value17","value18","value19","value20","value21","value22","value23","value24"
NA,NA,NA,NA,NA,NA,NA,1.22949948195322,1.65299678241379,1.87567841615858,1.97848465904416,1.92423718931903,1.41812696345174,1.90161645513964,1.88142501646213,1.86815128695241,1.91001930040484,1.23873601367129,1.13952533328135,NA,NA,NA,NA,NA
NA,NA,NA,NA,NA,NA,NA,1.11330117153365,1.50633991486172,2.49258758581251,1.76355676683703,1.80075463404936,2.07278910366312,1.43745762705505,2.51031025119256,2.39515577865341,2.28658074757154,2.04682175801421,1.06205861987482,NA,NA,NA,NA,NA
NA,NA,NA,NA,NA,NA,NA,1.06871761387687,2.62792675792817,1.56190652240046,1.57883890820628,1.48867732212282,1.85252896267535,1.34999312087262,1.50722450320493,1.52370455994114,0.992398470238276,1.8684925334435,1.02073255645505,NA,NA,NA,NA,NA
NA,NA,NA,NA,NA,NA,NA,1.13326770213103,2.96326586800398,1.47800646782561,1.73169135251771,2.60009130782753,1.15734206475633,1.52621986600092,1.61791079398556,1.51718389073412,2.70433743969909,1.49005805782543,1.09158030366409,NA,NA,NA,NA,NA
NA,NA,NA,NA,NA,NA,NA,1.20880809341565,2.05118081731722,2.88926509631535,2.72269235210132,1.73712636150853,1.65170235636941,2.80733832260118,2.62587491570282,2.58052342393974,2.51744470420646,1.16618217772537,1.18623757196439,NA,NA,NA,NA,NA
NA,NA,NA,NA,NA,NA,NA,1.15576020908418,3.37254526970975,1.42176173854771,2.726138848485,1.87473881282667,1.63393715279268,2.08588477643036,1.87014035712711,1.96838014358531,2.90135097393514,1.96971411939099,1.20061821379902,NA,NA,NA,NA,NA
NA,NA,NA,NA,NA,NA,NA,1.27513228369892,1.79968605675105,2.01787198742343,2.82584267537021,2.5221251437291,1.63068329445356,1.93707573505361,1.46446437718509,2.41669366275305,1.5155022349125,1.53227037042534,1.07971140039909,NA,NA,NA,NA,NA
NA,NA,NA,NA,NA,NA,NA,1.03732679357403,1.70363004477461,2.08924226141606,2.90913221603855,1.80659780303393,2.25344448659996,1.70431852367387,1.88903095611319,1.66494597234837,1.76006852125723,1.79540786547584,1.11344747004572,NA,NA,NA,NA,NA
