"Day","MeanAcceptance"
1,NA
2,0.277777777777778
3,0.112359550561798
4,0.173469387755102
5,0.244444444444444
6,0.233333333333333
7,0.214953271028037
8,0.16504854368932
