"Day","MeanAcceptance"
1,NA
2,0.422222222222222
3,0.370786516853933
4,0.275510204081633
5,0.377777777777778
6,0.422222222222222
7,0.429906542056075
8,0.41747572815534
