"Day","MeanAcceptance"
1,NA
2,0.211111111111111
3,0.235955056179775
4,0.23469387755102
5,0.1
6,0.211111111111111
7,0.0841121495327103
8,0.339805825242718
