"Day","MeanAcceptance"
1,NA
2,0.455555555555556
3,0.337078651685393
4,0.387755102040816
5,0.233333333333333
6,0.3
7,0.439252336448598
8,0.388349514563107
