"Day","MeanAcceptance"
1,NA
2,0.344444444444444
3,0.247191011235955
4,0.275510204081633
5,0.277777777777778
6,0.322222222222222
7,0.308411214953271
8,0.29126213592233
