"Day","MeanAcceptance"
1,NA
2,0.433333333333333
3,0.292134831460674
4,0.295918367346939
5,0.366666666666667
6,0.333333333333333
7,0.355140186915888
8,0.368932038834951
