"Day","MeanAcceptance"
1,NA
2,0.444444444444444
3,0.337078651685393
4,0.397959183673469
5,0.188888888888889
6,0.233333333333333
7,0.308411214953271
8,0.330097087378641
