"Day","MeanAcceptance"
1,NA
2,0.355555555555556
3,0.280898876404494
4,0.295918367346939
5,0.3
6,0.322222222222222
7,0.317757009345794
8,0.300970873786408
