"value1","value2","value3","value4","value5","value6","value7","value8","value9","value10","value11","value12","value13","value14","value15","value16","value17","value18","value19","value20","value21","value22","value23","value24"
NA,NA,NA,NA,NA,NA,NA,1.22949948195322,1.65299678241379,1.87567841615858,1.97848465904416,1.92423718931903,1.41812696345174,1.90161645513964,1.88142501646213,1.86815128695241,1.91001930040484,1.23873601367129,1.13952533328135,NA,NA,NA,NA,NA
NA,NA,NA,NA,NA,NA,NA,1.21429671840452,2.26287299063336,2.1458212974318,2.16432320993973,2.29798413959502,2.88208315505684,1.49812693689703,1.98913487424379,1.9729040394206,2.5259786250127,1.08260674687904,1.06485369308617,NA,NA,NA,NA,NA
NA,NA,NA,NA,NA,NA,NA,1.13476362235359,2.99705418615835,1.17204432928957,1.41090823028421,1.30288818487152,2.44098724410341,1.17172128815574,1.71995726316567,1.64012945505816,1.51690519466085,2.63008873523312,1.01839508110964,NA,NA,NA,NA,NA
NA,NA,NA,NA,NA,NA,NA,1.24428771921853,3.10787827416712,2.17813441817341,1.52678723204197,2.24894951901669,1.25813253635021,1.56688091899984,1.59390548051437,2.83448136214295,1.44567972649697,2.49214217161028,1.0892845169356,NA,NA,NA,NA,NA
NA,NA,NA,NA,NA,NA,NA,1.25682681132197,3.09431193183834,3.08180408146611,1.55512253726206,2.27255542691463,2.93450850549599,1.48634259555832,2.63778608993794,2.1335713141758,1.74329948083181,2.507618258882,1.17957349894031,NA,NA,NA,NA,NA
NA,NA,NA,NA,NA,NA,NA,1.17376760326131,2.1690959248405,2.94314457237167,1.9603358654604,3.00195950103768,1.56768360052149,3.0371988974872,3.09424110540099,1.78420847083611,2.05039189013001,1.88448785991409,1.20038815700856,NA,NA,NA,NA,NA
NA,NA,NA,NA,NA,NA,NA,1.3861386080865,2.17151045596751,2.27306667024796,3.12892975021499,1.78663835908551,2.79299144977804,1.30858790874739,1.67558061341797,2.41761033504612,1.65408911890294,1.5006386839195,1.07934309204938,NA,NA,NA,NA,NA
NA,NA,NA,NA,NA,NA,NA,1.1133618281702,2.56870660336104,2.15293383967402,2.15881243529219,2.11780397831024,2.86451298079229,1.33523809463387,1.71835114530728,2.50611258954419,1.4709053940309,2.84695514956386,1.11020285599894,NA,NA,NA,NA,NA
