"Day","MeanAcceptance"
1,NA
2,0.811111111111111
3,0.640449438202247
4,0.73469387755102
5,0.766666666666667
6,0.8
7,0.822429906542056
8,0.805825242718447
