"Day","MeanAcceptance"
1,NA
2,0.933333333333333
3,0.808988764044944
4,0.826530612244898
5,0.8
6,0.844444444444444
7,0.897196261682243
8,0.83495145631068
