"Day","MeanAcceptance"
1,NA
2,0.955555555555556
3,0.898876404494382
4,0.918367346938776
5,0.911111111111111
6,0.888888888888889
7,0.934579439252336
8,0.893203883495146
