"Day","MeanAcceptance"
1,NA
2,0.955555555555556
3,0.797752808988764
4,0.897959183673469
5,0.877777777777778
6,0.888888888888889
7,0.91588785046729
8,0.87378640776699
