"Day","MeanAcceptance"
1,NA
2,0.9
3,0.820224719101124
4,0.86734693877551
5,0.877777777777778
6,0.855555555555556
7,0.869158878504673
8,0.87378640776699
