"Day","MeanAcceptance"
1,NA
2,0.966666666666667
3,0.887640449438202
4,0.918367346938776
5,0.933333333333333
6,0.9
7,0.94392523364486
8,0.912621359223301
