"Day","MeanAcceptance"
1,NA
2,0.888888888888889
3,0.797752808988764
4,0.836734693877551
5,0.855555555555556
6,0.822222222222222
7,0.831775700934579
8,0.83495145631068
