"Day","MeanAcceptance"
1,NA
2,0.844444444444444
3,0.685393258426966
4,0.744897959183674
5,0.777777777777778
6,0.8
7,0.822429906542056
8,0.786407766990291
