"Day","MeanAcceptance"
1,NA
2,0.666666666666667
3,0.629213483146067
4,0.63265306122449
5,0.633333333333333
6,0.622222222222222
7,0.635514018691589
8,0.601941747572815
