"Day","MeanAcceptance"
1,NA
2,0.922222222222222
3,0.797752808988764
4,0.816326530612245
5,0.811111111111111
6,0.844444444444444
7,0.878504672897196
8,0.864077669902913
