"Day","MeanAcceptance"
1,NA
2,0.455555555555556
3,0.50561797752809
4,0.489795918367347
5,0.455555555555556
6,0.377777777777778
7,0.467289719626168
8,0.495145631067961
