"Day","MeanAcceptance"
1,NA
2,0.455555555555556
3,0.50561797752809
4,0.479591836734694
5,0.422222222222222
6,0.366666666666667
7,0.457943925233645
8,0.475728155339806
