"Day","MeanAcceptance"
1,NA
2,0.511111111111111
3,0.51685393258427
4,0.510204081632653
5,0.455555555555556
6,0.411111111111111
7,0.495327102803738
8,0.495145631067961
