"Day","MeanAcceptance"
1,NA
2,0.466666666666667
3,0.50561797752809
4,0.489795918367347
5,0.444444444444444
6,0.4
7,0.467289719626168
8,0.485436893203884
