"value1","value2","value3","value4","value5","value6","value7","value8","value9","value10","value11","value12","value13","value14","value15","value16","value17","value18","value19","value20","value21","value22","value23","value24"
NA,NA,NA,NA,NA,NA,NA,1.22949948195322,1.65299678241379,1.87567841615858,1.97848465904416,1.92423718931903,1.41812696345174,1.90161645513964,1.88142501646213,1.86815128695241,1.91001930040484,1.23873601367129,1.13952533328135,NA,NA,NA,NA,NA
NA,NA,NA,NA,NA,NA,NA,1.14830182461153,2.22275386504264,1.92568713412154,2.0047001049573,1.89215360924535,2.97305751528227,1.33148599518719,1.74209200009272,1.58159392514507,2.08219244876096,2.38744501478641,1.06127372721053,NA,NA,NA,NA,NA
NA,NA,NA,NA,NA,NA,NA,1.1037380693344,1.62428615916081,1.63936196483998,1.52984786521198,2.52566437343525,2.41275870363364,1.29751546680138,1.50016134496325,1.66891018326822,1.68931367551176,1.60430314831121,1.01988477243694,NA,NA,NA,NA,NA
NA,NA,NA,NA,NA,NA,NA,1.16826892289272,2.33269554432915,2.33530090390997,1.94839924253574,2.16872132769978,2.6725366840412,1.39591688291397,1.65464580424554,2.02455138310848,1.66282748544753,1.43048523895621,1.09169007057314,NA,NA,NA,NA,NA
NA,NA,NA,NA,NA,NA,NA,1.22881417443931,3.23724383782113,1.93089509346823,1.94541842570872,2.17005101335299,3.03834940879519,1.58806263736522,2.14640858180618,2.41706494397541,1.85405722612848,1.7949553171269,1.18233589774045,NA,NA,NA,NA,NA
NA,NA,NA,NA,NA,NA,NA,1.15576377331083,3.32735132408737,1.93098718101239,1.90953124640557,2.78456077682695,1.50317886477529,2.80912043781005,3.14433239976709,1.66717076694706,1.99475806076211,1.82387469995731,1.20098696918793,NA,NA,NA,NA,NA
NA,NA,NA,NA,NA,NA,NA,1.31013295994884,3.3121396921777,1.76952874491498,2.39748157166617,1.89056860372905,2.39513319870317,1.36137987754715,1.70527489255351,2.12736201278127,1.73638847238552,1.38346223851619,1.08074178268201,NA,NA,NA,NA,NA
NA,NA,NA,NA,NA,NA,NA,1.07235375774986,2.5724380776553,2.13070475976765,1.92481590927823,1.92356882532286,2.06686239203845,1.60027180224406,1.7857611863841,2.04924221368847,1.6365356226601,2.94561961940231,1.11024743371751,NA,NA,NA,NA,NA
