"Day","MeanAcceptance"
1,NA
2,0.755555555555556
3,0.719101123595506
4,0.571428571428571
5,0.666666666666667
6,0.755555555555556
7,0.738317757009346
8,0.70873786407767
