"Day","MeanAcceptance"
1,NA
2,0.444444444444444
3,0.606741573033708
4,0.377551020408163
5,0.655555555555556
6,0.6
7,0.485981308411215
8,0.524271844660194
