"Day","MeanAcceptance"
1,NA
2,0.622222222222222
3,0.539325842696629
4,0.591836734693878
5,0.622222222222222
6,0.677777777777778
7,0.598130841121495
8,0.689320388349515
