"Day","MeanAcceptance"
1,NA
2,0.677777777777778
3,0.640449438202247
4,0.612244897959184
5,0.733333333333333
6,0.711111111111111
7,0.691588785046729
8,0.728155339805825
