"Day","MeanAcceptance"
1,NA
2,0.622222222222222
3,0.696629213483146
4,0.561224489795918
5,0.733333333333333
6,0.7
7,0.672897196261682
8,0.70873786407767
