"Day","MeanAcceptance"
1,NA
2,0.688888888888889
3,0.719101123595506
4,0.571428571428571
5,0.733333333333333
6,0.7
7,0.682242990654206
8,0.679611650485437
