"Day","MeanAcceptance"
1,NA
2,0.655555555555556
3,0.662921348314607
4,0.591836734693878
5,0.688888888888889
6,0.666666666666667
7,0.626168224299065
8,0.660194174757282
