"Day","MeanAcceptance"
1,NA
2,0.655555555555556
3,0.707865168539326
4,0.551020408163265
5,0.788888888888889
6,0.7
7,0.616822429906542
8,0.660194174757282
