"Day","MeanAcceptance"
1,NA
2,0.455555555555556
3,0.584269662921348
4,0.36734693877551
5,0.544444444444444
6,0.544444444444444
7,0.467289719626168
8,0.495145631067961
