"Day","MeanAcceptance"
1,NA
2,0.588888888888889
3,0.685393258426966
4,0.551020408163265
5,0.755555555555556
6,0.7
7,0.635514018691589
8,0.660194174757282
