"Day","MeanAcceptance"
1,NA
2,0.788888888888889
3,0.730337078651685
4,0.73469387755102
5,0.711111111111111
6,0.788888888888889
7,0.728971962616822
8,0.757281553398058
9,0.759259259259259
10,0.784090909090909
11,0.73469387755102
12,0.766666666666667
13,0.764044943820225
14,0.75
15,0.724489795918367
16,0.764150943396226
17,0.763440860215054
18,0.763440860215054
19,0.773809523809524
20,0.75
21,0.747368421052632
22,0.75
