"value1","value2","value3","value4","value5","value6","value7","value8","value9","value10","value11","value12","value13","value14","value15","value16","value17","value18","value19","value20","value21","value22","value23","value24"
NA,NA,NA,NA,NA,NA,NA,1.22949948195322,1.65299678241379,1.87567841615858,1.97848465904416,1.92423718931903,1.41812696345174,1.90161645513964,1.88142501646213,1.86815128695241,1.91001930040484,1.23873601367129,1.13952533328135,NA,NA,NA,NA,NA
NA,NA,NA,NA,NA,NA,NA,1.12832885827063,2.97585683556002,2.86344058469608,2.80841660739418,2.75125910878796,2.7258572976015,2.64414405247555,2.64849712349101,2.65163055602438,2.79504840342911,0.993296820640289,1.06431845058014,NA,NA,NA,NA,NA
NA,NA,NA,NA,NA,NA,NA,1.08378284354715,2.94821242488083,2.82046260123663,2.70517217943304,2.55689648072162,2.4844614684109,1.7259043056053,2.62673418902406,2.5526280640783,1.14828751448913,1.49628840646646,1.01832214072259,NA,NA,NA,NA,NA
NA,NA,NA,NA,NA,NA,NA,1.14831252846851,2.98094434067071,2.8919158521686,2.74200106178216,2.7001855770671,2.6775283209817,2.60281027896144,2.73477676322975,2.61878901075857,2.756666544363,1.33781109615052,1.08990968235905,NA,NA,NA,NA,NA
NA,NA,NA,NA,NA,NA,NA,1.22383637427784,2.49691296206426,3.05009128159983,2.91655781679134,1.85428025959328,2.86832169571335,2.77881186526873,2.79758073367554,2.81760964771438,2.83892672209296,2.31101659258429,1.17947465649129,NA,NA,NA,NA,NA
NA,NA,NA,NA,NA,NA,NA,1.15578687357216,2.33890436969846,2.99126301621093,2.89032966564837,2.85747537026083,2.83375535581475,2.83105645428273,2.82001820116153,2.81989940640146,2.82442458668493,2.28045006694345,1.19781610566139,NA,NA,NA,NA,NA
NA,NA,NA,NA,NA,NA,NA,1.29016456291596,3.20113805903695,2.99082248546105,3.00310774419063,2.70644238228648,2.69441149551844,2.55664269388317,2.72293158489193,2.70738290698851,2.74567032889474,1.33163007408381,1.07760290636433,NA,NA,NA,NA,NA
NA,NA,NA,NA,NA,NA,NA,1.06738585763718,1.74253929285244,3.16251432361429,2.84783166741522,2.77716168593957,2.74009223996663,2.706080945583,2.70117144704559,2.71753507601599,2.68246612469662,2.49562762680748,1.11025782144097,NA,NA,NA,NA,NA
