"Day","MeanAcceptance"
1,NA
2,0.911111111111111
3,0.865168539325843
4,0.908163265306122
5,0.911111111111111
6,0.911111111111111
7,0.925233644859813
8,0.902912621359223
