"value1","value2","value3","value4","value5","value6","value7","value8","value9","value10","value11","value12","value13","value14","value15","value16","value17","value18","value19","value20","value21","value22","value23","value24"
NA,NA,NA,NA,NA,NA,NA,1.22949948195322,1.65299678241379,1.87567841615858,1.97848465904416,1.92423718931903,1.41812696345174,1.90161645513964,1.88142501646213,1.86815128695241,1.91001930040484,1.23873601367129,1.13952533328135,NA,NA,NA,NA,NA
NA,NA,NA,NA,NA,NA,NA,1.2642950534706,2.48339488265935,1.69404990442693,1.95491528754465,2.6117854267265,2.96546886103242,1.14384254865751,1.38731409613364,1.41078964931555,1.42739270171971,2.33315338433412,1.0610274610187,NA,NA,NA,NA,NA
NA,NA,NA,NA,NA,NA,NA,1.14175766553249,3.05973721706564,1.1915185988818,1.32884205522694,1.46448934502136,2.01089868931119,0.988194516644474,1.68991316440908,1.55167396131114,1.80597104783181,2.81538945577295,1.01844851058266,NA,NA,NA,NA,NA
NA,NA,NA,NA,NA,NA,NA,1.29426244773621,3.24198776747672,1.52940569727504,1.52873970923101,1.51008090449709,2.07949323555002,1.52412809752456,1.56251916050635,1.89806360772026,1.60689813923698,1.79634640363664,1.0912917258745,NA,NA,NA,NA,NA
NA,NA,NA,NA,NA,NA,NA,1.25681093518456,3.47824889287369,1.44981069845216,1.7571100185525,1.83821654781381,3.04651849039616,1.54398730480508,2.98934423350582,2.21366249411399,1.70937269795416,1.83232465015484,1.18229836673149,NA,NA,NA,NA,NA
NA,NA,NA,NA,NA,NA,NA,1.18375922159883,3.4240036216316,1.36829646743563,1.92206672303637,2.9690819387316,1.41274714220844,3.19246667823808,3.08083737004537,1.48931987345565,1.50985528602327,1.81082793914636,1.200950117024,NA,NA,NA,NA,NA
NA,NA,NA,NA,NA,NA,NA,1.43612614162866,2.72738046599068,1.74815523677128,3.22112809520243,1.30293808046015,2.81271848728163,1.15852137648271,1.51040253694467,1.58069467083099,1.60527558460822,1.08815483996606,1.0822761538337,NA,NA,NA,NA,NA
NA,NA,NA,NA,NA,NA,NA,1.14134790797697,2.99320255412397,2.2322014778533,1.35093924914334,1.39232416525752,1.87311541165927,1.39788637380683,1.36519032678284,2.56400302200865,1.25322535096232,2.51372657622958,1.10990679179486,NA,NA,NA,NA,NA
