"Day","MeanAcceptance"
1,NA
2,0.8
3,0.820224719101124
4,0.76530612244898
5,0.844444444444444
6,0.811111111111111
7,0.785046728971963
8,0.786407766990291
