"Day","MeanAcceptance"
1,NA
2,0.888888888888889
3,0.898876404494382
4,0.836734693877551
5,0.888888888888889
6,0.888888888888889
7,0.850467289719626
8,0.87378640776699
