"Day","MeanAcceptance"
1,NA
2,0.855555555555556
3,0.865168539325843
4,0.795918367346939
5,0.888888888888889
6,0.866666666666667
7,0.841121495327103
8,0.87378640776699
