"Day","MeanAcceptance"
1,NA
2,1
3,0.97752808988764
4,0.979591836734694
5,0.977777777777778
6,1
7,0.990654205607477
8,1
