"Day","MeanAcceptance"
1,NA
2,0.733333333333333
3,0.808988764044944
4,0.683673469387755
5,0.766666666666667
6,0.744444444444444
7,0.700934579439252
8,0.70873786407767
