"Day","MeanAcceptance"
1,NA
2,0.955555555555556
3,0.932584269662921
4,0.897959183673469
5,0.922222222222222
6,0.888888888888889
7,0.906542056074766
8,0.893203883495146
