"Day","MeanAcceptance"
1,NA
2,0.922222222222222
3,0.898876404494382
4,0.846938775510204
5,0.9
6,0.866666666666667
7,0.88785046728972
8,0.87378640776699
