"Day","MeanAcceptance"
1,NA
2,0.822222222222222
3,0.898876404494382
4,0.744897959183674
5,0.888888888888889
6,0.811111111111111
7,0.747663551401869
8,0.796116504854369
