"Day","MeanAcceptance"
1,NA
2,0.7
3,0.786516853932584
4,0.663265306122449
5,0.811111111111111
6,0.733333333333333
7,0.710280373831776
8,0.70873786407767
