"value1","value2","value3","value4","value5","value6","value7","value8","value9","value10","value11","value12","value13","value14","value15","value16","value17","value18","value19","value20","value21","value22","value23","value24"
NA,NA,NA,NA,NA,NA,NA,1.22949948195322,1.65299678241379,1.87567841615858,1.97848465904416,1.92423718931903,1.41812696345174,1.90161645513964,1.88142501646213,1.86815128695241,1.91001930040484,1.23873601367129,1.13952533328135,NA,NA,NA,NA,NA
NA,NA,NA,NA,NA,NA,NA,1.14332773451569,3.00037888237636,2.91526710597688,1.21089016010578,2.86942859660832,1.13722631820216,2.79263280739276,2.75502392932463,2.70629267497284,2.69689854517425,2.47586993276024,1.06049882154375,NA,NA,NA,NA,NA
NA,NA,NA,NA,NA,NA,NA,1.11275418891032,2.02480265971146,3.14639502471071,1.07017148079569,1.20306409227007,2.84587384305701,2.7172383743439,1.3365978501791,0.98453635413758,2.84232652419342,0.994355255133748,1.02299472319942,NA,NA,NA,NA,NA
NA,NA,NA,NA,NA,NA,NA,1.16528717229889,2.23894388611977,3.09433311730148,2.80771169960722,2.76551934303177,1.09375390719053,2.77232943310762,2.7536220671202,1.46481097981986,1.67536418054762,1.26210777393462,1.09182695021682,NA,NA,NA,NA,NA
NA,NA,NA,NA,NA,NA,NA,1.2288266735075,3.15781507039299,1.97046707986825,2.99392965693491,2.91270374677963,1.20288831610961,2.93469724949329,2.90739778481012,2.88055983634708,2.87679007314752,1.52457733217546,1.18248414835814,NA,NA,NA,NA,NA
NA,NA,NA,NA,NA,NA,NA,1.17578678762182,3.04429387186097,2.95274063802592,2.87165207565652,2.8270011646426,2.8299392870925,1.41434391883309,2.90392266897399,2.86496626889867,2.8330115840033,2.78234616487133,1.1974457319109,NA,NA,NA,NA,NA
NA,NA,NA,NA,NA,NA,NA,1.30716124932039,1.26790246476526,3.07910492536126,3.01219088587158,2.76257878678142,0.97939218094554,2.81796339995403,2.83653577828641,2.69095631789244,2.79637772076304,2.29019977000862,1.07649851352408,NA,NA,NA,NA,NA
NA,NA,NA,NA,NA,NA,NA,1.05937481475147,3.15910232707308,2.9210161171694,2.83157427060709,2.75204290437609,2.74142452310534,2.70081364854796,2.69898882097477,2.71968954880867,2.81590476831579,1.1131429877547,1.11705737022893,NA,NA,NA,NA,NA
