"Day","MeanAcceptance"
1,NA
2,0.811111111111111
3,0.820224719101124
4,0.795918367346939
5,0.8
6,0.833333333333333
7,0.794392523364486
8,0.796116504854369
