"Day","MeanAcceptance"
1,NA
2,0.855555555555556
3,0.808988764044944
4,0.795918367346939
5,0.788888888888889
6,0.855555555555556
7,0.794392523364486
8,0.83495145631068
