"Day","MeanAcceptance"
1,NA
2,0.833333333333333
3,0.842696629213483
4,0.806122448979592
5,0.8
6,0.833333333333333
7,0.794392523364486
8,0.796116504854369
