"Day","MeanAcceptance"
1,NA
2,0.833333333333333
3,0.820224719101124
4,0.755102040816326
5,0.722222222222222
6,0.844444444444444
7,0.775700934579439
8,0.805825242718447
