"Day","MeanAcceptance"
1,NA
2,0.733333333333333
3,0.820224719101124
4,0.673469387755102
5,0.788888888888889
6,0.722222222222222
7,0.635514018691589
8,0.70873786407767
