"Day","MeanAcceptance"
1,NA
2,0.822222222222222
3,0.786516853932584
4,0.755102040816326
5,0.755555555555556
6,0.822222222222222
7,0.794392523364486
8,0.796116504854369
