Day,MeanAcceptance
1,NA
2,0.833333333
3,0.842696629
4,0.806122449
5,0.8
6,0.833333333
7,0.794392523
8,0.796116505
,0.81514211
