"value1","value2","value3","value4","value5","value6","value7","value8","value9","value10","value11","value12","value13","value14","value15","value16","value17","value18","value19","value20","value21","value22","value23","value24"
NA,NA,NA,NA,NA,NA,NA,1.22949948195322,1.65299678241379,1.87567841615858,1.97848465904416,1.92423718931903,1.41812696345174,1.90161645513964,1.88142501646213,1.86815128695241,1.91001930040484,1.23873601367129,1.13952533328135,NA,NA,NA,NA,NA
NA,NA,NA,NA,NA,NA,NA,1.25129989151375,2.30235576448967,2.79032934010324,2.66227259312947,2.4288751340435,2.85191528438469,1.12386119952288,1.36715208761694,1.38305330678183,1.40781343471715,2.07611809725335,1.06105274589842,NA,NA,NA,NA,NA
NA,NA,NA,NA,NA,NA,NA,1.14175344666622,3.05540024244097,1.69825473289032,1.68612275295583,1.2580772796345,1.70681251014749,0.98822201716801,1.70179209371872,1.61103440617264,1.70617677496759,2.05661584409878,1.01887598075165,NA,NA,NA,NA,NA
NA,NA,NA,NA,NA,NA,NA,1.29127093758563,3.22666238707297,1.52407668384138,1.62013115318501,1.51113372948543,1.86735453105076,2.8765331442932,1.37648818284579,1.43862726465602,1.59300423295421,2.14472581107446,1.09056716237723,NA,NA,NA,NA,NA
NA,NA,NA,NA,NA,NA,NA,1.25682120556563,3.38333009553995,1.44159242026724,1.81929056425413,1.75945247591039,3.01296840038623,1.41949473117134,2.7055950484715,2.42302072566235,2.65104472674171,2.00727714930973,1.18084601809776,NA,NA,NA,NA,NA
NA,NA,NA,NA,NA,NA,NA,1.20276579543694,3.36479811744417,1.45952106948508,1.83563092119506,2.70640120673905,1.35940775433439,3.11336907950028,3.08930644532566,2.53394122484609,1.3947360197282,1.77194562578735,1.20061403160259,NA,NA,NA,NA,NA
NA,NA,NA,NA,NA,NA,NA,1.43312884533406,2.5506726119827,2.10776327922555,3.14470561107146,1.40274321388206,2.94257139556397,2.01908265270673,1.38383717507203,1.47690830112829,1.6539581024855,1.08462330719,1.08224370691374,NA,NA,NA,NA,NA
NA,NA,NA,NA,NA,NA,NA,1.15135297521676,2.54297702116816,2.56698705895614,1.37542762465477,1.4253574409278,1.97964975514031,2.45205012456045,1.29620542048676,2.40793360993545,1.3448070083948,2.55245238692358,1.11000336372261,NA,NA,NA,NA,NA
