"Day","MeanAcceptance"
1,NA
2,0.944444444444444
3,0.910112359550562
4,0.877551020408163
5,0.911111111111111
6,0.877777777777778
7,0.878504672897196
8,0.883495145631068
