"Day","MeanAcceptance"
1,NA
2,0.944444444444444
3,0.898876404494382
4,0.938775510204082
5,0.933333333333333
6,0.911111111111111
7,0.925233644859813
8,0.912621359223301
