"Day","MeanAcceptance"
1,NA
2,0.988888888888889
3,0.887640449438202
4,0.979591836734694
5,0.922222222222222
6,0.944444444444444
7,0.953271028037383
8,0.922330097087379
