"Day","MeanAcceptance"
1,NA
2,0.988888888888889
3,0.943820224719101
4,0.959183673469388
5,0.944444444444444
6,0.944444444444444
7,0.962616822429907
8,0.922330097087379
