"Day","MeanAcceptance"
1,NA
2,1
3,0.932584269662921
4,0.989795918367347
5,0.977777777777778
6,0.955555555555556
7,0.97196261682243
8,0.951456310679612
