"Day","MeanAcceptance"
1,NA
2,0.955555555555556
3,0.910112359550562
4,0.877551020408163
5,0.877777777777778
6,0.866666666666667
7,0.906542056074766
8,0.902912621359223
