"Day","MeanAcceptance"
1,NA
2,0.866666666666667
3,0.707865168539326
4,0.795918367346939
5,0.855555555555556
6,0.855555555555556
7,0.878504672897196
8,0.844660194174757
