"Day","MeanAcceptance"
1,NA
2,0.544444444444444
3,0.606741573033708
4,0.551020408163265
5,0.577777777777778
6,0.522222222222222
7,0.560747663551402
8,0.504854368932039
