"Day","MeanAcceptance"
1,NA
2,0.944444444444444
3,0.910112359550562
4,0.887755102040816
5,0.9
6,0.877777777777778
7,0.91588785046729
8,0.893203883495146
