"Day","MeanAcceptance"
1,NA
2,0.866666666666667
3,0.730337078651685
4,0.795918367346939
5,0.855555555555556
6,0.855555555555556
7,0.878504672897196
8,0.864077669902913
