"value1","value2","value3","value4","value5","value6","value7","value8","value9","value10","value11","value12","value13","value14","value15","value16","value17","value18","value19","value20","value21","value22","value23","value24"
NA,NA,NA,NA,NA,NA,NA,1.22949948195322,1.65299678241379,1.87567841615858,1.97848465904416,1.92423718931903,1.41812696345174,1.90161645513964,1.88142501646213,1.86815128695241,1.91001930040484,1.23873601367129,1.13952533328135,NA,NA,NA,NA,NA
NA,NA,NA,NA,NA,NA,NA,1.11332725442871,3.06571076717887,2.90131856364495,1.95205595603439,2.84025792109153,1.44037442854964,2.08532035905306,2.00450663696796,2.04827855193058,2.75490317853818,2.72028598422769,1.06061070986856,NA,NA,NA,NA,NA
NA,NA,NA,NA,NA,NA,NA,1.06876618873935,2.28583648138065,2.20349324478811,1.59179514472373,1.51661239086521,2.78455907255898,1.47092742595344,1.4726094894613,2.79944584443777,2.77106123820418,1.14523624453296,1.0218776205449,NA,NA,NA,NA,NA
NA,NA,NA,NA,NA,NA,NA,1.13329057115228,2.76787903336694,2.23502281008604,2.2774725793084,2.18206084909985,2.78866315287096,2.70123020551012,1.68940663279713,2.33003507029557,1.76758463176663,1.2037512130198,1.09178926237002,NA,NA,NA,NA,NA
NA,NA,NA,NA,NA,NA,NA,1.20883301916831,3.11660230420044,2.1122052853593,2.35224190556881,2.92539323957314,1.71640590185981,2.37325995911368,2.90666818576041,2.13517937805767,2.33107419350302,2.80907878070501,1.1793822265443,NA,NA,NA,NA,NA
NA,NA,NA,NA,NA,NA,NA,1.1557780486907,3.05858681946744,2.15316093311557,2.92632965882406,2.86629031052837,2.86666206691909,2.85666807937868,1.96892175728663,2.8974943599374,2.08499469089522,1.34424760492755,1.20105559354971,NA,NA,NA,NA,NA
NA,NA,NA,NA,NA,NA,NA,1.27515074399892,3.2546492363438,2.0913600944205,2.98669926235486,1.91674199241558,2.63710887752648,1.46350204585026,1.82010810887564,2.07847888190506,1.86494071734839,1.44414185472364,1.07896403939722,NA,NA,NA,NA,NA
NA,NA,NA,NA,NA,NA,NA,1.03736608345539,3.13921108210346,2.88569726420792,1.93195915140746,2.35655797919426,1.58245664900058,2.83637749492784,2.79553430980338,1.80670829123226,2.89018339011476,1.17257612904586,1.11573561071644,NA,NA,NA,NA,NA
