"value1","value2","value3","value4","value5","value6","value7","value8","value9","value10","value11","value12","value13","value14","value15","value16","value17","value18","value19","value20","value21","value22","value23","value24"
NA,NA,NA,NA,NA,NA,NA,1.22949948195322,1.65299678241379,1.87567841615858,1.97848465904416,1.92423718931903,1.41812696345174,1.90161645513964,1.88142501646213,1.86815128695241,1.91001930040484,1.23873601367129,1.13952533328135,NA,NA,NA,NA,NA
NA,NA,NA,NA,NA,NA,NA,1.11332820203627,3.06601968705863,3.0034094707603,1.88370198364432,2.94671078637668,1.43075378075318,2.09174883788876,1.99277155661579,2.04228055919953,2.92997209919977,2.66481269439622,1.06044938715411,NA,NA,NA,NA,NA
NA,NA,NA,NA,NA,NA,NA,1.0687658700446,1.96926428389527,2.9653966750141,1.44633329579925,1.48241317244208,1.26083717972243,2.77976439956679,2.69250227128425,2.65300100530458,2.73609693922395,0.996535985573958,1.02304114642026,NA,NA,NA,NA,NA
NA,NA,NA,NA,NA,NA,NA,1.13328895370978,2.47837520455867,2.44440139129314,2.30209172193717,2.25377391258854,2.88842872523747,2.76636373685081,1.70714369053007,2.09181007713161,1.85916912548735,1.2122151173588,1.09175081648224,NA,NA,NA,NA,NA
NA,NA,NA,NA,NA,NA,NA,1.20882681699269,2.70646248940628,2.6470417366008,2.62473105852259,2.93508850150579,1.90648279893909,2.53622901714365,2.42684104184524,2.42976024004467,2.44226268971962,1.66391134696931,1.18184017656414,NA,NA,NA,NA,NA
NA,NA,NA,NA,NA,NA,NA,1.15577812120604,3.05539465679593,2.1515838523426,2.92630139080348,2.86621212591508,2.86658272922768,2.86692723205381,1.96672469462151,2.95089226435799,2.07371278723475,1.34098880412613,1.20105236305472,NA,NA,NA,NA,NA
NA,NA,NA,NA,NA,NA,NA,1.27514762629913,3.39050394068092,2.22690059688951,2.48203707201426,2.24712458105695,2.64642528472847,1.54326528331363,1.89924036663511,2.15671344969278,1.92910329306696,1.335893174872,1.07958525866113,NA,NA,NA,NA,NA
NA,NA,NA,NA,NA,NA,NA,1.037362277792,2.34855349096115,3.16830342418597,2.04427909269178,2.91472226616206,1.60135306606008,2.86421247174018,1.96567716335571,2.14030240889628,2.96455208621651,1.19923834368192,1.11490894705037,NA,NA,NA,NA,NA
