"value1","value2","value3","value4","value5","value6","value7","value8","value9","value10","value11","value12","value13","value14","value15","value16","value17","value18","value19","value20","value21","value22","value23","value24"
NA,NA,NA,NA,NA,NA,NA,1.22949948195322,1.65299678241379,1.87567841615858,1.97848465904416,1.92423718931903,1.41812696345174,1.90161645513964,1.88142501646213,1.86815128695241,1.91001930040484,1.23873601367129,1.13952533328135,NA,NA,NA,NA,NA
NA,NA,NA,NA,NA,NA,NA,1.11332385187552,3.00751105312834,1.89924874138821,2.24437995357244,2.06759837923893,1.71836434097199,2.19170355243538,2.18456845198166,2.18594930434656,2.09905656028783,2.68056578536489,1.06050870425286,NA,NA,NA,NA,NA
NA,NA,NA,NA,NA,NA,NA,1.06875992014446,2.97711016642635,1.70554747330523,1.67195057178236,1.55697870752626,2.42759309792775,1.41877220245921,1.68769464147748,1.58699637237016,1.63593261227158,1.82097543644498,1.0188311523285,NA,NA,NA,NA,NA
NA,NA,NA,NA,NA,NA,NA,1.13328929473523,3.06489558014102,2.21250284933809,2.33495447066857,2.20698416873502,1.78421527602775,2.19835342203401,1.92072424751621,2.75786908100141,1.78642381155592,1.2582934154142,1.09150028497981,NA,NA,NA,NA,NA
NA,NA,NA,NA,NA,NA,NA,1.2088268185879,2.70646276204112,2.64704188707127,2.62473112901845,2.93508859386545,1.90648278241717,2.53622897794542,2.42684091894262,2.42976015763002,2.44226266843933,1.66391142152019,1.1818401797101,NA,NA,NA,NA,NA
NA,NA,NA,NA,NA,NA,NA,1.15577627868713,3.07435681768104,2.34389616344033,2.49441585931804,2.37366035610118,2.00857325404215,2.95934769333756,2.30038663977422,2.44343907011145,2.42107529376523,1.71173735265726,1.20044437831753,NA,NA,NA,NA,NA
NA,NA,NA,NA,NA,NA,NA,1.27515255201733,2.44447435823448,2.35469253511916,2.45486178098213,2.22682534002249,2.63505733685535,1.53964804564077,1.89492160675557,2.15175307367441,1.92493281507737,2.22047802731554,1.0768296093926,NA,NA,NA,NA,NA
NA,NA,NA,NA,NA,NA,NA,1.03735411985447,2.54750619136089,2.42088676316913,2.40924615292609,2.37000863190002,1.87527091641689,2.3106340470851,2.30043674285712,2.31227661527534,2.34524073100227,1.3871229374295,1.11376003999423,NA,NA,NA,NA,NA
