"Day","MeanAcceptance"
1,NA
2,0.255555555555556
3,0.337078651685393
4,0.23469387755102
5,0.3
6,0.211111111111111
7,0.280373831775701
8,0.281553398058252
