"Day","MeanAcceptance"
1,NA
2,0.288888888888889
3,0.393258426966292
4,0.275510204081633
5,0.322222222222222
6,0.277777777777778
7,0.280373831775701
8,0.330097087378641
