"Day","MeanAcceptance"
1,NA
2,0.277777777777778
3,0.292134831460674
4,0.255102040816327
5,0.3
6,0.222222222222222
7,0.280373831775701
8,0.320388349514563
