"Day","MeanAcceptance"
1,NA
2,0.277777777777778
3,0.337078651685393
4,0.285714285714286
5,0.288888888888889
6,0.222222222222222
7,0.289719626168224
8,0.330097087378641
