"Day","MeanAcceptance"
1,NA
2,0.344444444444444
3,0.426966292134831
4,0.306122448979592
5,0.333333333333333
6,0.322222222222222
7,0.317757009345794
8,0.41747572815534
