"Day","MeanAcceptance"
1,NA
2,0.844444444444444
3,0.831460674157303
4,0.785714285714286
5,0.788888888888889
6,0.833333333333333
7,0.785046728971963
8,0.815533980582524
