"value1","value2","value3","value4","value5","value6","value7","value8","value9","value10","value11","value12","value13","value14","value15","value16","value17","value18","value19","value20","value21","value22","value23","value24"
NA,NA,NA,NA,NA,NA,NA,1.224736360964,1.85608605957945,1.91481159613697,1.84258085959536,1.7684324965853,1.44444243817372,1.83618209096809,1.76108480707773,1.75210480803294,1.75479202408408,1.28119951014683,1.0516337196696,NA,NA,NA,NA,NA
