"Day","MeanAcceptance"
1,NA
2,0.288888888888889
3,0.393258426966292
4,0.285714285714286
5,0.322222222222222
6,0.277777777777778
7,0.289719626168224
8,0.339805825242718
