"Day","MeanAcceptance"
1,NA
2,0.288888888888889
3,0.325842696629214
4,0.255102040816327
5,0.333333333333333
6,0.233333333333333
7,0.280373831775701
8,0.310679611650485
