"Day","MeanAcceptance"
1,NA
2,0.322222222222222
3,0.325842696629214
4,0.275510204081633
5,0.3
6,0.222222222222222
7,0.280373831775701
8,0.310679611650485
