"Day","MeanAcceptance"
1,NA
2,0.4
3,0.449438202247191
4,0.397959183673469
5,0.377777777777778
6,0.333333333333333
7,0.392523364485981
8,0.427184466019417
