"Day","MeanAcceptance"
1,NA
2,0.388888888888889
3,0.438202247191011
4,0.346938775510204
5,0.355555555555556
6,0.288888888888889
7,0.373831775700935
8,0.378640776699029
