"Day","MeanAcceptance"
1,NA
2,0.0222222222222222
3,0.0786516853932584
4,0.0612244897959184
5,0.0333333333333333
6,0.1
7,0.0280373831775701
8,0.058252427184466
